Date,GDP251  ,PI074   ,FYFF    ,PSCCOMR ,FMRNBA  ,FMRRA   ,FM2,GDP252  ,IPS10   ,UTL11   ,LHUR    ,HSFR    ,PWFSA   ,GDP273  ,CES275R  ,FM1     ,FSPIN   ,FYGT10  ,EXRUS   ,CES002  ,Sfygt10,HHSNTN  ,PMI     ,PMDEL   ,PMCP    ,GDP256  ,LBOUT   ,PMNV    ,GDP263  ,GDP264  ,GDP265  ,LBMNU   ,PMNO    ,CCINRV  ,BUSLOANS,PMP     ,GDP276_1,GDP270  ,GDP253  ,LHEL    
8\1\1959,-0.000329978,0.001488916,0.493333333,-0.007570839,0.008627233,0.005680284,-0.000582734,0.004857952,-0.018137262,80.49876667,0.166666667,3.177728836,-0.001744155,0.00116584,-0.001570674,-0.000644933,0.010267268,0.246666667,0.001596825,-0.000427776,0.963333333,-0.533333333,54.96666667,58,61.03333333,-0.031619318,0.002610933,51.73333333,0.013487358,0.004688452,0.005418416,-0.001277755,53.13333333,0.003076831,0.003759855,57.7,-0.00120794,0.005053166,0.008791369,2.333333333
11\1\1959,0.001526215,0.000383034,0.413333333,-0.010176428,0.003427473,-0.005818345,-0.004344326,0.000615082,0.002072806,80.07566667,0.333333333,3.163558899,-0.000877349,9.68E-06,-0.000916839,-0.006880452,-0.007222205,0.08,0.000164854,0.000883818,0.353333333,0.2,52.83333333,55.6,63.93333333,0.014306794,0.001124452,43.86666667,-0.012008907,-0.011313305,-0.004738712,6.40E-05,54.63333333,-0.000185489,-0.008727423,54.66666667,0.000923043,-0.001508029,-0.022648721,-1
2\1\1960,0.009554727,-0.002226119,-0.056666667,-0.005149598,-0.001055187,-0.003578336,0.00077088,0.00389388,0.025425753,84.4715,-0.466666667,3.132686515,0.00393511,-0.001399654,0.009012758,0.002561108,-0.012983368,-0.096666667,9.61E-05,0.005809909,0.613333333,6.1,53.86666667,35.56666667,60.66666667,0.045398491,0.011664848,51.86666667,0.05149404,0.016012385,-0.008728293,0.0026715,56.7,-0.005745757,0.004165431,60.96666667,-0.001471291,0.00281891,0.014530831,0.333333333
5\1\1960,-0.00217326,0.002208049,-0.236666667,0.005802768,0.008811439,0.002435626,0.001191685,0.005320504,-0.009527024,81.318,0.1,3.103461622,0.000422699,0.001551442,-0.000450518,0.00030766,-0.002944053,-0.226666667,0.00257401,0.000458939,1.266666667,-3.833333333,44.1,32,56.66666667,-0.046746273,-0.008799449,43.96666667,0.026691858,0.002783173,0.003503935,0.000769344,49,0.001585818,-0.001412723,47.76666667,-2.84E-06,0.002818071,0.009901443,-2.666666667
8\1\1960,0.000680313,-0.002357504,-0.76,-0.005606655,0.011304633,0.013190815,0.004196956,-0.001790682,-0.007200843,78.8989,0.3,3.08374144,-0.002175172,-0.000680381,0.000211713,0.004957871,-0.00533541,-0.426666667,-0.000696762,-0.002640805,1.473333333,-1.966666667,45.56666667,37.03333333,49.63333333,-0.002679881,0.00087376,40.6,-0.011081002,-0.013102068,0.010386616,-0.002468131,50.6,-0.004717759,-0.007512933,49.5,0.000894498,-0.000642024,-0.003457437,-2.666666667
11\1\1960,-0.005661928,0.002535042,-0.64,-0.013177318,-0.004862307,-0.002568499,-0.001388451,0.000494088,-0.010597387,75.85226667,0.733333333,3.07371835,0.002587229,0.00030493,0.001188746,-0.004231109,-0.002852842,0.053333333,0.000792309,-0.00368542,1.58,-3.133333333,44.86666667,38.06666667,46.16666667,-0.057071267,-0.003344045,40.23333333,0.008969897,-0.020946952,0.002963566,-0.004054295,48.6,-0.001427913,0.000996829,48.1,-0.00023806,0.000728711,-0.011821225,-3.666666667
2\1\1961,0.002609208,-0.001905603,-0.293333333,0.008658896,-0.013907086,-0.008342763,0.001147871,-3.66E-05,-0.00662531,73.8284,0.533333333,3.093538415,-0.003450648,-0.001293079,-7.62E-05,0.002358811,0.048355324,-0.1,0.000518316,-0.003504807,1.436666667,1.066666667,45.53333333,40.8,49.86666667,0.010646725,0.004571469,38.66666667,-0.003056053,-0.002157908,0.005634379,-0.002440791,50.36666667,-0.001422171,-0.001412408,50.63333333,-0.00085153,0.000467812,-0.026353989,-1.333333333
5\1\1961,0.008087781,-0.001019691,-0.27,0.005337029,-0.004824904,-0.004099525,0.000504565,0.006463159,0.016884942,76.35433333,0.2,3.099910731,-0.003460959,-0.000809318,0.005784282,0.001005984,0.027208432,0.003333333,-0.000941612,0.000854001,1.486666667,2.666666667,58.2,48.23333333,52.26666667,0.031455329,0.014791049,42.43333333,-0.006071951,0.005471909,0.000980817,-0.001016248,65.5,-0.006626433,-0.001379618,64.53333333,0.001318192,0.005232734,0.009102566,1.333333333
8\1\1961,0.006982189,0.001840801,-0.05,-0.008078665,0.010753438,0.010620687,-0.00067244,0.002103299,0.013640241,78.4144,-0.233333333,3.133112921,0.003891166,0.001656334,0.002797482,-0.000628105,0.004681298,0.19,0.004566127,0.003580665,1.676666667,0.5,60.63333333,50.23333333,52.33333333,0.035068404,0.004432617,52.03333333,-0.002325545,0.027891144,0.008491433,0.002546936,65.63333333,0.00516726,0.001337138,66.5,-0.000758196,0.004662924,0.010546846,2.666666667
11\1\1961,0.008787479,-0.001067258,0.716666667,-0.005191127,0.001730758,0.004316328,0.000315009,0.008646937,0.01496903,80.6409,-0.566666667,3.142493751,0.000434077,-0.001098349,0.003260766,0.001388224,0.020472752,-0.006666667,0.000297305,0.0036618,1.513333333,-0.533333333,61.8,53.1,54.56666667,0.007340212,0.004724175,55.8,0.013256352,0.010258693,0.009386385,0.005481816,68.93333333,0.004571508,0.003627724,63.56666667,-0.001338813,0.009625529,0.021208681,3.666666667
2\1\1962,0.007738835,0.001058231,0.056666667,0.001495816,-0.011396025,-0.013901909,0.001319071,0.004616477,0.006438429,81.18623333,-0.566666667,3.133751746,0.001729826,0.001419923,0.001796197,-0.001127121,-0.001018689,0.043333333,0.001187187,0.003274437,1.293333333,4.166666667,60.86666667,56.76666667,56.2,0.02510684,0.004274018,58.36666667,-0.001080783,0.012966721,0.007704853,0.001590915,60.43333333,-0.000964529,0.00053952,66,0.002122437,0.005952261,0.009621993,1.666666667
5\1\1962,0.00471651,-5.44E-05,0.15,-0.015219865,0.003671539,0.004263522,0.000196508,0.005238672,0.004188844,81.33563333,-0.1,3.167415803,-0.003460951,-0.000294814,0.000843372,8.09E-05,-0.052360411,-0.143333333,0.002726311,0.003948513,1.156666667,-4.966666667,52.7,45.3,52.43333333,-0.004283266,0.002464925,50.06666667,0.039759397,0.009336353,0.002326727,0.00514977,54.46666667,0.005898317,0.001147666,55.83333333,-0.0015831,0.005678405,0.011079733,0
8\1\1962,0.003980068,-0.000388073,0.24,-0.009419416,0.000359536,0.001248718,-0.002396498,0.003525859,0.004606976,81.5601,0.033333333,3.15543726,0.003025585,-0.00051622,0.002536288,-0.003268353,-0.033831956,0.116666667,0.000347949,0.001214403,1.15,-2.566666667,50.16666667,44.63333333,48.23333333,0.007580204,0.006081389,43.83333333,-0.024967439,0.005429102,0.009721739,-0.000907646,53.03333333,-0.002879949,0.000765863,53.2,0.001165024,0.00493631,0.003753458,-1
11\1\1962,0.001059369,-0.000194115,0.076666667,0.00077722,0.003041186,0.004089362,0.001914114,0.006144222,0.00365142,81.63446667,-0.033333333,3.196728723,-0.001728538,0.000201004,0.001136458,0.002760831,0.013145738,-0.086666667,-0.000682779,0.001096856,1.09,4.266666667,54.06666667,48.5,46.1,-0.015011643,0.003592186,49.26666667,-0.009516543,0.005307127,0.000666337,-0.002776577,57.03333333,0.000625346,0.00192966,58.06666667,-0.001191281,0.003713162,0.019663443,-1.333333333
2\1\1963,0.005657935,0.000330098,0.043333333,-0.000543696,-0.005161749,-0.006734621,0.000975049,0.002897932,0.007954873,82.31556667,0.233333333,3.149629599,-0.002595393,-4.44E-05,0.002355426,0.002132815,0.040875523,-0.01,0.000187537,0.000773855,0.986666667,0.566666667,55,52.1,49.23333333,0.023585468,0.003185262,47.5,0.010064046,-0.010173379,-0.002624985,0.002636771,59.6,0.000837384,-0.004754342,56.83333333,0.001203053,0.001970594,0.009421976,1
5\1\1963,0.005388016,-0.000572942,-0.003333333,0.002445667,-0.002001518,-0.000448469,-0.000245588,0.004153893,0.011304177,83.78306667,-0.033333333,3.21466727,0.003029037,-0.000631727,0.002943086,-0.000527865,0.028131677,0.07,0.00081618,0.003103114,1.023333333,-4.133333333,58.53333333,56.96666667,60.26666667,0.006224901,0.003034433,52.6,0.048074236,0.010118429,-0.000567894,0.002738982,63.13333333,0.00093005,0.001077239,60.66666667,-0.000562505,0.005315214,0.009624273,-0.666666667
8\1\1963,0.008100192,0.001840239,0.366666667,-0.005008041,0.002419268,0.00502798,-0.000611678,0.005863717,0.002887831,83.5563,-0.233333333,3.223236273,-0.000433644,0.001454749,0.0020474,0.000441431,0.008099926,0.07,0.000547719,0.002026052,0.74,1.6,55.83333333,47.26666667,59.53333333,0.014031709,0.009071899,50,-0.023842428,0.01090745,0.018207337,0.001172541,60.63333333,0.000742756,-0.000712319,60.13333333,-0.000557524,0.00940647,0.004932188,0.666666667
11\1\1963,0.003366698,-0.001470488,0.123333333,0.009061555,0.003408243,-0.000359164,-0.000394124,0.003671535,0.007280329,84.20373333,0.066666667,3.212365194,0.000865991,-0.000492129,0.00193957,-0.000138856,0.016490437,0.086666667,-0.000373977,0.002352852,0.623333333,0.6,56.4,47.9,69.16666667,0.00548356,0.001092526,44.76666667,0.021252018,-0.001449349,-0.003957582,0.003361264,62.1,0.00037179,0.008064962,62.7,0.00108155,0.00342276,0.007359986,1
2\1\1964,0.009628494,0.0006057,0.01,-0.005520915,0.000271916,-0.002484257,-0.001139106,0.008537996,0.005904933,84.49563333,-0.1,3.216605694,-0.000865991,0.000454955,-0.000294727,-0.001541467,0.025941427,0.06,0.000187029,0.002848813,0.65,1.633333333,58.4,55.83333333,60.23333333,0.017352456,0.005998691,49.3,0.025825354,-0.000376548,0.001556822,0.007990805,61.6,0.001268659,-0.003757967,63.9,-0.001085824,0.008129903,0.016086228,1
5\1\1964,0.005013992,-0.001080711,0.026666667,0.002843271,-0.00234973,-0.001463898,0.000169203,0.00762588,0.01007621,85.54473333,-0.266666667,3.172700209,0.000432349,-0.00108662,0.00308304,0.000262784,0.016239624,0.02,0.000133543,0.00260008,0.723333333,-1.266666667,59.33333333,58.9,61.53333333,-0.001904027,0.001113192,52.3,0.007158517,0.009633052,0.002820424,0.001885897,62.73333333,-0.001552324,-0.00268098,61.23333333,0.000262658,0.005253715,0.01121902,2.333333333
8\1\1964,0.005887819,0.000278698,-0.033333333,0.009137575,0.005977207,0.009345912,0.002334961,0.00796893,0.006903644,86.05696667,-0.2,3.184312796,0.00043106,0.000476028,0.002582218,0.004035766,0.012251431,-0.006666667,-0.000106831,0.004432374,0.696666667,1.5,63.16666667,66.63333333,62.46666667,0.010110273,0.004272634,56,-0.003376173,0.01147936,0.000285497,0.002773513,67.06666667,-0.000575912,0.002960359,64.16666667,0.000392361,0.006114981,0.014413118,2.333333333
11\1\1964,0.001168045,0.001019991,0.12,0.019783285,0.000628493,-0.000946778,-0.000863314,0.001207245,0.006530754,86.49203333,-0.033333333,3.175511813,-0.000432347,5.49E-05,-0.000904269,-0.001378159,0.009241699,-0.02,-0.000909126,0.003155302,0.49,1.933333333,61.63333333,69.76666667,68.96666667,0.003304114,-0.002382914,59.86666667,0.012740933,0.011633132,-0.001277272,0.004193482,61.33333333,-0.001659333,0.003729742,62.46666667,-0.000594566,0.000965275,-0.014688559,1.666666667
2\1\1965,0.01053804,-0.000656405,0.396666667,-0.002308632,-0.010454126,-0.0093316,-0.000277161,0.009479295,0.016101463,88.86603333,-0.066666667,3.147882346,0.00042978,-4.96E-06,0.00472756,-0.002403681,0.008970009,0.03,-0.000120468,0.004835689,0.313333333,1.8,62.66666667,67.5,66.66666667,0.041848143,0.007169949,60.8,-0.049575748,-0.015960657,-0.000976114,0.006733281,64.73333333,0.003989259,0.007641271,61.23333333,0.000238677,0.008719235,0.039954216,2.333333333
5\1\1965,0.005831555,0.00142332,0.103333333,0.00814745,0.001974376,0.005079255,-0.001387962,0.004781326,0.009955016,89.39813333,-0.233333333,3.166726056,0.004693418,0.000684286,0.002843533,-0.000738564,0.005550717,0.003333333,0.001216531,0.004917488,0.333333333,0.8,60.66666667,69.2,70.63333333,-0.000136783,0.000502816,59.43333333,0.074717513,0.048451807,0.005514331,0.004283267,59.13333333,-0.000967899,-0.003192972,60.83333333,0.000302254,0.00603712,0.000864768,3.666666667
8\1\1965,0.008722492,-0.001481794,-0.003333333,-0.002652154,0.003597467,0.000244341,0.001216107,0.007394232,0.009000568,89.90226667,-0.3,3.170555059,-0.004282533,-0.000519959,0.001138659,0.002643448,-0.002240049,0.04,0.000240229,0.004868112,0.38,0.9,59.06666667,63.9,69.53333333,0.015265574,0.010126534,55.56666667,-0.025588968,0.001802342,0.014742436,0.001024044,58.73333333,-0.002230142,-0.002822734,59.8,-0.000351213,0.009616073,0.015143859,2.666666667
11\1\1965,0.010380782,0.001000462,0.093333333,0.008729675,0.005312719,0.000393512,0.001017684,0.012041242,0.008698455,89.9839,-0.266666667,3.182604841,0.002940668,-0.000299135,0.003040364,0.002550564,0.024947462,0.226666667,-0.000934972,0.005229771,0.306666667,1.6,60.26666667,65.9,68.73333333,0.002145691,0.007050154,47.53333333,0.030394172,0.020712483,0.009303431,0.004091319,62.26666667,-0.002249826,-0.001478701,61.93333333,0.000344182,0.011068849,0.018132274,7
2\1\1966,0.01049257,0.001753368,0.39,0.022542535,-0.006628679,-0.002003228,-0.001133184,0.006350206,0.012263979,91.11953333,-0.233333333,3.14008884,0.000374532,0.002036841,0.001482665,-0.00021956,0.001229017,0.296666667,0.000360871,0.005433738,0.16,-5.8,65.66666667,80.46666667,80.83333333,0.035046533,0.007511868,50.23333333,-0.007729498,0.010984392,0.007687123,0.006225825,65.63333333,0.001310766,0.002717218,66.1,0.000685823,0.008133364,0.020543508,5
5\1\1966,0.001501855,-0.000126747,0.356666667,-0.009311411,-0.005934409,-7.64E-05,-0.003069706,0.001195141,0.008976213,91.56666667,-0.033333333,3.103917694,-0.002930892,0.000108765,0.001334756,-0.00281854,-0.01588683,0.01,0.000480695,0.005793506,0.193333333,-4.533333333,60.3,75.16666667,82.9,-0.007917615,-0.002415911,53.36666667,0.018628159,0.010671579,0.007634279,0.004238395,57.63333333,-0.00374788,-0.000924573,58.73333333,-0.000245159,0.001533325,-0.018586179,1
8\1\1966,0.00285056,-0.000168061,0.496666667,-0.008121921,0.002692841,-0.001620351,-0.00265551,0.004940079,0.006668539,91.2437,-0.066666667,3.034895715,0.002456634,-0.000142133,0.003002699,-0.006017927,-0.034626647,0.36,-0.000333759,0.004449317,0.096666667,-4.6,59.16666667,73.26666667,77.63333333,-0.004271813,0.000598123,56.56666667,-0.016625201,0.023727611,0.01156783,0.00202949,54.93333333,-0.001893349,0.002138545,58.3,-0.000541616,0.005631815,0.014703556,0
11\1\1966,0.003478114,-0.000208066,0.153333333,-0.03344154,0.005768205,-0.001491492,0.001807102,0.001793731,0.00413057,90.59063333,-0.066666667,2.969105147,-0.002886424,3.14E-05,0.000275236,0.002619921,-0.0115298,-0.136666667,0.000747265,0.002903438,-0.206666667,-0.266666667,54.43333333,63.06666667,69.93333333,0.002132296,0.003613886,55.83333333,0.014102814,0.00492291,0.006966104,-0.001171851,49.06666667,-0.000859511,-0.012198894,55.1,0.001954779,0.000703663,2.48E-05,-1.333333333
2\1\1967,0.00383218,-0.002437058,-0.74,-0.00793622,0.013304022,0.006643529,0.00261886,0.002547748,-0.002399581,88.58453333,0.133333333,3.034227261,-0.002862007,-0.002117422,0.002893226,0.003015168,0.039868819,-0.42,-0.000213373,0.002180967,0.07,4.5,47.33333333,45.36666667,62.9,-0.01220559,0.003996786,46.36666667,0.008290776,0.00649112,0.018072608,-0.000484544,45.53333333,0.000324457,0.00024254,51.06666667,-0.000782718,0.004299477,-0.00832603,-1
5\1\1967,2.46E-05,0.001527587,-0.833333333,-0.015804122,-0.005008656,-0.001380222,0.003310477,0.005775565,-0.001773905,86.7784,0,3.084337917,0.003271525,0.000918311,0.001930627,0.001692547,0.025165793,0.236666667,-0.000320256,0.000248787,1.16,-0.8,44.7,35.93333333,56.93333333,-0.018891016,0.003475071,39.56666667,-0.003959825,-0.003369493,-0.002362185,-0.002668446,48.6,-0.000926674,0.003746281,47.66666667,-0.000812031,0.004608143,0.018902044,-1.333333333
8\1\1967,0.003432304,0.001716192,-0.096666667,-0.012892292,-0.000328812,0.006514196,0.0013527,0.002206208,0.002977206,85.95453333,-0.033333333,3.145300019,0.002022331,0.001836713,0.003576381,0.003482027,0.015279462,0.426666667,-0.000146863,0.002780437,0.946666667,0.2,52.2,44.06666667,68.86666667,0.012333354,0.000194172,42.2,-0.010701766,0.005793254,0.004475003,0.001423549,57.03333333,0.002303574,-0.00147816,55.73333333,0.000329611,0.003045153,-0.004067392,-0.333333333
11\1\1967,0.00327211,0.000384665,0.28,-0.009944082,-0.000199943,0.002754897,-0.002546831,0.002606227,0.011468479,87.3031,0.1,3.160068167,-0.001639055,-0.000239591,0.00171618,-0.002417769,0.003726782,0.396666667,0.004569466,0.003496172,0.89,-2.9,54.63333333,50.8,80.7,0.009265593,0.00117013,48.73333333,0.012209288,0.022466261,0.002977509,0.001971511,57.4,0.000564712,-0.003577324,58.33333333,0.000554471,0.004269531,0.00075791,1.666666667
2\1\1968,0.008852444,-0.000473993,0.613333333,0.000455348,-0.017166469,-0.010546643,-0.001712318,0.010219473,0.006155397,87.32873333,-0.166666667,3.162962477,0.001192026,0.000845319,0.005167199,-0.001363638,-0.01539411,-0.033333333,0.006114338,0.002900422,0.56,1.466666667,55.13333333,52.83333333,76.8,0.009444478,0.009540207,53.06666667,0.012446478,0.024677835,0.007478416,0.000768762,57.46666667,-0.005383459,0.004059695,57.73333333,0.000441581,0.009609297,0.027013802,1
5\1\1968,0.007311706,-4.13E-05,1.193333333,-0.011892799,-0.004513645,-0.003615163,-0.000284345,0.006630775,0.005815549,87.28433333,-0.166666667,3.163061937,0.000769664,-0.00019303,0.002791836,0.001701451,0.032212769,0.133333333,-0.000443211,0.003860699,0.223333333,-3.066666667,55.6,49.43333333,70.36666667,0.017171048,0.004408162,54.63333333,0.008547016,0.006592508,0.001966457,0.004148822,58.33333333,0.008582438,0.000894071,58.33333333,0.000453213,0.004231323,0.008185898,2.333333333
8\1\1968,0.002943907,0.001617149,-0.036666667,-0.009815711,0.026455696,0.010315745,0.00125801,0.008086007,0.003357192,86.68153333,-0.033333333,3.182129214,-0.000429005,8.08E-05,0.000703078,0.001011187,0.007095005,-0.283333333,-0.000822441,0.003806101,0.263333333,-0.5,52.86666667,50.7,71.26666667,-0.014379057,9.37E-05,50.8,0.02480804,0.025316739,0.000940459,0.003026412,54.56666667,-0.00032855,-0.000118688,56.53333333,-0.000576323,0.006158965,0.019275773,3
11\1\1968,0.001828416,-0.000485578,-0.026666667,0.01064505,-0.010160718,-0.002480463,0.001596734,0.001923429,0.006545191,87.11186667,-0.133333333,3.199297977,-0.000809215,0.000361111,0.003524866,0.000877357,0.022816831,0.31,-0.000575328,0.004562929,0.183333333,2.2,56.66666667,57.53333333,72.36666667,0.004433671,-0.000690085,44.7,-0.005551545,-0.003693412,0.000286758,0.002672552,58.83333333,0.002839252,0.002780077,60.5,0.000630532,0.002801721,-0.002897037,4.666666667
2\1\1969,0.006794494,-6.50E-05,0.65,0.018239388,-0.013003388,-0.006032044,-0.002595852,0.004845579,0.008368102,87.68773333,0,3.22487822,-0.000405493,-0.000614145,0.003511868,-0.001498856,-0.019028701,0.406666667,0.00047078,0.004515487,0.083333333,4.466666667,56.33333333,61.4,78.7,0.027708233,0.001572866,46.03333333,-0.055527973,-0.042953334,0.000472737,0.004050238,57.2,-0.001296543,0.00426901,58.33333333,-0.000106982,0.005134278,0.007974057,2.666666667
5\1\1969,0.00123742,0.001528884,1.76,0.014676544,-0.005764933,0.000665383,-0.003546689,0.002739572,0.00189119,86.94356667,0.033333333,3.188928484,0.003834235,0.001327824,0.002501417,-0.004295182,0.005868226,0.176666667,0.000548599,0.004431615,0.156666667,-5.166666667,55.8,65.26666667,79.66666667,-0.003448755,-0.000434478,49.23333333,0.087820181,0.07815932,-0.001858093,0.004000926,54.9,-0.000685369,-0.002823614,56.1,0.000453259,0.001567644,-0.001407901,0
8\1\1969,0.002689698,-0.000888292,0.656666667,0.007428783,0.015760643,-0.001343349,-0.001054198,0.001991592,0.005181977,86.86606667,0.133333333,3.149527014,-0.001599688,-0.000156,0.003392162,-0.001531156,-0.030670089,0.503333333,0.001992628,0.003509555,-0.166666667,-5.033333333,54,68.3,82.83333333,0.009991341,0.001082046,49.86666667,-0.010531344,-0.005688091,0.000603496,0.002075471,50.56666667,-0.003856853,-0.008340841,53.36666667,0.001150867,0.002478215,-0.001198173,-1.666666667
11\1\1969,-0.002066648,0.000693164,-0.043333333,0.000249581,0.011635069,0.01209227,0.000972691,0.003399963,-0.002730911,85.20323333,0,3.11804416,0.001449947,-0.000353708,0.002271701,0.001559474,0.000516311,0.44,-0.00341781,0.00131158,-0.056666667,-6.4,53.26666667,65.9,83.1,-0.023913678,-0.001155617,53.76666667,0.014796439,-0.004817968,-0.006466365,-0.001321225,50.16666667,-0.000987592,3.02E-05,51.56666667,-0.00034712,-0.001019404,-0.002169383,-0.666666667
2\1\1970,-0.000725089,0.000280946,-0.366666667,0.004479878,-0.007847656,-0.011821286,-0.002120274,0.002604762,-0.010651592,81.87096667,0.6,3.092135579,-0.002300027,8.45E-06,0.001317628,0.001099868,-0.027830735,0.07,-0.000943976,0.000547172,0.156666667,-4.2,47.66666667,54.96666667,74.3,-0.013926155,0.001855506,50.06666667,0.003736021,-0.001403905,-0.002330856,-0.001712304,45.6,-0.001129094,-0.003748166,47.1,0.000203161,0.000859207,-0.007712207,-7.333333333
5\1\1970,0.000815641,-0.000856502,-0.693333333,-0.010043292,-0.003002661,0.000246472,0.001317271,0.00201518,-0.002395631,80.477,0.6,3.118264726,-0.002980998,-0.000322606,0.002777848,-0.001373883,-0.050311379,0.346666667,-0.001801863,-0.002113624,1.036666667,-3.533333333,47.76666667,60.66666667,75.73333333,0.001456688,0.00533525,43.33333333,0.018709494,0.00847608,-0.005656022,-0.005762973,48.06666667,-0.003221683,-0.001503884,46.8,-0.00022339,-0.00144444,0.004405134,-7.666666667
8\1\1970,0.003842292,-0.001563746,-1.176666667,-0.014062846,0.002248093,0.005676934,0.006780412,0.003777171,-0.001557571,79.17226667,0.4,3.171238756,0.001473425,-0.00050891,0.003169741,0.002466198,-0.00179008,-0.253333333,-0.004144935,-0.001664046,1.133333333,2.5,46.96666667,47.46666667,70.53333333,0.007297195,0.007552344,45.46666667,-0.001433461,-0.000960364,0.00191078,-0.002209046,49.5,0.003263218,0.008116833,49.76666667,-2.82E-05,0.00392088,0.001191719,-5
11\1\1970,-0.004680611,0.001786086,-1.136666667,-0.019872096,0.01792194,0.000176292,0.001819766,-0.001235581,-0.009491723,76.43733333,0.666666667,3.232148706,0.002180338,0.001413949,-0.000392372,0.002031776,0.040147299,-0.606666667,-0.000745776,-0.003835885,1.5,-2.4,42.5,38.1,66.8,-0.026131925,-0.002587429,45.46666667,0.003996022,0.006737543,2.96E-05,-0.003331724,46.4,-0.002416244,-0.004233081,43.13333333,0.000868008,-0.000717513,-0.032496048,-4
2\1\1971,0.011878689,-0.002619168,-1.71,-0.006681964,-0.014018129,0.000826114,0.002215161,0.00827275,0.008293422,77.5853,0.1,3.261580046,-0.000766036,-0.001572901,0.00705825,-0.000534645,0.049466316,-0.836666667,-0.001990556,0.001543917,2.176666667,3.1,51.3,43,65.56666667,0.053182873,0.012387638,48.86666667,0.001622883,-0.005207966,-0.007092261,0.002043484,58.13333333,0.003241249,0.001600204,54.96666667,-0.000158017,0.005031676,0.046316788,-1.333333333
5\1\1971,0.002442583,0.000329105,0.706666667,-0.004544484,-0.002650826,-0.001429373,0.002698139,0.0039855,0.003916113,77.71953333,-0.033333333,3.305423029,0.000686007,0.000816532,0.003267343,0.001910647,0.023777455,0.23,-0.001126227,0.001861901,1.996666667,0.766666667,54.16666667,48.73333333,73.5,0.013123026,0.000429632,56.53333333,-0.000868647,0.031604764,-0.001369161,0.001397443,58.16666667,0.003573371,-0.001630263,57.46666667,-7.53E-06,0.004806931,0.00972071,1.666666667
8\1\1971,0.003431534,0.00031988,0.91,-0.007474583,-0.00915547,0.003388479,-0.003690994,0.003444651,0.001337526,77.4742,0.133333333,3.320976677,-0.002885618,-0.000633412,0.002625432,-0.00165973,-0.013307475,0.236666667,-0.005552971,0.001415377,1.473333333,1.833333333,54.36666667,48.66666667,65.76666667,0.005772995,0.005016591,50,0.017496834,0.009499323,-0.000354277,6.07E-06,59.06666667,0.001317843,0.003665033,57.23333333,-0.000565842,0.003330155,0.011308863,1
11\1\1971,0.001239165,-0.001099916,-0.723333333,-0.008890761,0.014466893,-0.009493568,-0.00114353,0.007192317,0.009951338,79.21146667,-0.1,3.342751567,0.00141458,-0.001578934,0.002592616,-0.003417857,-0.0094755,-0.593333333,-0.010891148,0.002366019,1.66,0.866666667,54.96666667,51.7,56.9,-0.013602331,-0.003503632,42.46666667,-0.038001205,-0.030545282,-0.003262343,0.004621867,60.1,0.002837025,-0.003845154,60.26666667,-0.001476975,0.005625143,0.018912536,1.333333333
2\1\1972,0.007649694,0.000327126,-1.21,0.019356951,-7.24E-05,0.005427641,0.001277125,0.005718319,0.017961841,81.80236667,-0.166666667,3.381295623,0.000684819,0.00194282,0.006109678,0.004411638,0.040939693,0.143333333,-0.018020505,0.004922931,2.596666667,9.533333333,60,54.96666667,75.76666667,0.029504527,0.004277009,50.53333333,0.04372606,0.059312136,0.001585032,0.005261564,65.13333333,-0.000945283,0.001626069,65.6,0.00077478,0.006909007,0.010427195,4.666666667
5\1\1972,0.010140288,-0.000723674,0.76,0.018216063,-0.00332683,0.005144577,-0.002118915,0.008132742,0.008296481,82.86443333,-0.066666667,3.35050645,-0.00037712,-0.002018094,0.003924519,-0.001385606,0.014168131,0.11,-0.00383927,0.004997908,2.373333333,-4.233333333,59.76666667,56.26666667,71.66666667,0.025884841,0.010368837,51.66666667,-0.01282596,-0.015728188,0.002664044,0.003101885,64,0.002321249,0.007415924,63.5,-0.000879034,0.006885418,0.010456101,3
8\1\1972,0.004116664,0.000673156,0.44,0.008376655,-0.011214135,-0.005112594,0.003598156,0.00661799,0.005667698,83.41656667,-0.133333333,3.37505365,0.002050313,0.001244985,0.002216115,0.001934847,0.005147254,0.146666667,0.000922769,0.003159934,2.07,5.733333333,62.3,63.36666667,69.5,0.006039343,0.001118079,53,0.025417442,0.008920321,-0.009046862,0.002436383,66.36666667,-0.001848116,-0.00272197,65.6,0.000920542,0.002961314,0.011170269,4.333333333
11\1\1972,0.007053199,0.000998854,0.403333333,0.018295072,0.006284782,0.007840727,-0.00016776,0.010004775,0.014633788,85.7105,-0.2,3.384532615,-0.001768018,-0.000244408,0.004834028,0.001521853,0.017526888,0.083333333,0.002858362,0.005815221,1.51,-3.3,69.13333333,76.06666667,74.83333333,0.002105137,0.004467779,62.96666667,0.017984912,0.019146394,0.002710999,0.004513598,71.9,0.001990032,0.003878636,70.46666667,-0.00015726,0.01004938,0.022948023,7.333333333
2\1\1973,0.010889768,0.002315782,1.393333333,0.046215455,-0.015722137,-0.003530868,-0.003994648,0.00776878,0.012345497,87.65393333,-0.433333333,3.376272723,0.00970275,0.001682269,0.002313566,-0.00191221,0.005325365,0.23,-0.015657546,0.006566945,0.903333333,-12.36666667,70.43333333,85.46666667,86.9,0.026879607,0.008134352,62.16666667,0.030740979,0.019618509,0.004216521,0.006509594,70.53333333,0.005797973,0.015154662,69.1,0.001931229,0.008727125,0.026829023,7
5\1\1973,0.004991889,0.002208476,1.28,0.049618607,0.002327978,-0.010988527,-0.00311393,-0.000227433,0.003365117,87.53566667,0,3.330210785,0.000901119,0.003022792,-0.001860116,-0.003506394,-0.029957605,0.203333333,-0.019131209,0.004038643,0.203333333,-6.733333333,65.83333333,86.3,88.4,0.019751562,0.001289119,60.3,0.020457065,-0.012711731,-0.002555417,0.004519683,63.46666667,-0.004381913,-0.0009715,62.5,-0.001389854,-7.04E-05,-0.005674216,-0.333333333
8\1\1973,-0.002316504,-0.00050531,2.743333333,0.075624148,0.007920793,0.004886536,-0.001027974,0.001548325,0.003868452,87.3237,-0.133333333,3.304490528,-0.00106262,-0.000485333,-0.000148986,-0.000115065,-0.008253077,0.4,-0.012055418,0.002698424,-1.116666667,-3.566666667,61.33333333,87.33333333,82.6,-0.017329779,-0.005923755,62.8,0.001476846,-0.012166184,-0.005595285,0.002921748,56.1,-0.002395542,-0.008746866,55.86666667,3.99E-05,-0.000402581,-0.004450703,0.666666667
11\1\1973,0.004123808,0.00236609,-0.563333333,-0.002316652,0.022896237,0.000266768,-0.000492222,-0.001289887,0.00640355,88.07986667,-0.033333333,3.215461308,-0.005862288,0.001013106,-0.001603787,0.000498806,-0.012069005,-0.453333333,0.012212868,0.00403347,-0.746666667,0.733333333,65.96666667,92.76666667,94.9,0.01650998,0.001902509,64.7,0.020857581,0.003297696,0.003139483,0.002154757,63.2,-0.002317218,-0.014261437,58.8,0.000352275,-0.000897084,-0.011297219,-1.333333333
2\1\1974,-0.003779478,0.001883229,-0.673333333,0.054571551,-0.010310868,0.001248449,0.002380993,-0.003757273,-0.00396463,86.55193333,0.366666667,3.200303183,0.014135578,0.003820115,-0.007155257,0.001627022,-0.031292721,0.3,0.017494461,0.001828887,-0.563333333,-11.7,60.83333333,89.83333333,94.3,-0.029088472,-0.00602736,59.96666667,0.005478028,-0.015066674,0.009029915,-0.001857492,56.56666667,-0.002722075,0.007323153,53.8,-0.001672864,-0.00217479,-0.011189085,-3.666666667
5\1\1974,0.001256947,-0.001256022,1.926666667,-0.011080501,-0.040372833,0.000408332,-0.00273206,0.001737368,0.000431358,85.73063333,0.066666667,3.180508177,-0.008016529,-0.000742988,-0.00113592,-0.00302381,-0.019183754,0.49,-0.01697528,0.001368881,-0.61,8.633333333,56.76666667,76.56666667,91.46666667,-0.001731692,0.001746917,59.23333333,0.020635944,0.022469601,0.002874476,0.001136699,53.3,-0.001564009,0.017003152,52.16666667,-0.000201125,0.000689019,0.002569948,0.333333333
8\1\1974,-0.004227151,0.000575105,0.84,0.007715263,0.005614117,-0.003667674,-0.000585181,0.001937222,-0.00183581,84.73043333,0.433333333,3.080145274,0.007242536,-0.000486226,0.001856841,-0.000252167,-0.078815768,0.42,0.01158932,-0.000119352,-0.226666667,-4,51.3,62.43333333,85.83333333,-0.025040335,-0.003736498,55.53333333,-0.024065053,-0.007651877,0.00064693,-0.00151252,48,-0.001358343,-0.010059608,49.3,0.002064181,0.0001316,0.002790942,-6
11\1\1974,-0.001706425,0.001083221,-2.743333333,-0.032791785,0.083577504,-0.000701091,0.00197108,-0.006309474,-0.017297572,80.5108,0.966666667,3.010158562,-0.000921885,-0.000633185,0.000912567,0.001398667,-0.04104619,-0.293333333,-0.000934873,-0.004211749,0.31,-5.833333333,37.16666667,34.16666667,70.46666667,0.003927109,0.00364063,45.23333333,0.011172861,-0.004379898,0.001535384,-0.007237324,32.5,-0.006022397,-0.012112706,39.53333333,0.002216124,-0.007565568,-0.04525571,-12.66666667
2\1\1975,-0.005230298,-0.003951085,-3.043333333,-0.053693695,-0.035414724,-0.00381919,0.001613171,0.003696857,-0.029627641,73.51476667,1.666666667,2.989598117,-0.014926171,-0.00272742,0.001006693,-0.002528252,0.054595992,-0.13,-0.013858073,-0.009723245,1.79,0.566666667,32.23333333,17.56666667,47.86666667,-0.083529916,0.006152375,32.7,0.003071742,-0.045855325,0.005240064,-0.013844244,36.6,0.001234669,-0.010633919,36,0.001874587,-0.000649347,0.009055267,-9
5\1\1975,0.003167705,-0.003983204,-0.883333333,-0.023451254,-0.01710129,0.007915529,0.007421228,0.007024451,-0.005895221,71.8107,0.6,3.029789471,0.001718217,-0.002593987,0.000570459,0.003836431,0.056765268,0.51,0.002605727,-0.003598717,2.656666667,15.36666667,41.26666667,23.1,44,-0.01601889,0.006887148,28.86666667,-0.012848261,-0.036279029,-0.003333965,-0.004024343,48.23333333,-0.004311962,-0.006740965,49.7,-0.002869401,0.002847843,0.007953602,0
8\1\1975,0.007289584,0.00342032,0.74,0.011245139,-0.006533623,-0.000241404,-8.63E-05,0.006126441,0.010719462,73.7147,-0.4,3.096910013,0.004109555,0.00261188,-0.000999585,0.001534659,-0.008022191,0.246666667,0.01923327,0.003270675,1.966666667,2.8,51,35.86666667,65.13333333,0.035270136,0.004201426,28.96666667,-0.007375948,0.034682614,0.007614269,0.003953647,59.7,0.003446717,0.002651376,59.73333333,4.91E-05,0.007124657,0.027250927,3
11\1\1975,0.00565953,-0.000691388,-0.746666667,-0.024851393,0.004997113,-0.003524452,-0.005184451,0.004496341,0.009357436,75.15673333,-0.166666667,3.12764463,-0.002412974,-0.00078371,-0.001150052,-0.005121883,0.006502083,-0.233333333,0.00556757,0.004360569,2.436666667,0.766666667,54.96666667,44.26666667,70.16666667,0.012317942,0.000857272,40.3,0.023894238,0.022579324,0.003664285,0.007389864,63.16666667,0.007564581,0.003627637,61.56666667,0.00160399,0.004831893,0.012509452,2.333333333
2\1\1976,0.009663743,-0.002981589,-0.586666667,-0.009034709,-0.003774348,-0.000759825,0.003228019,0.008561797,0.01319566,77.19506667,-0.566666667,3.15896526,-0.008040464,-0.002526329,0.004280853,0.00338058,0.048887445,-0.31,0.001202889,0.006751461,2.836666667,8.466666667,59.56666667,55.6,72.56666667,0.042612781,0.006050357,46.73333333,-0.003045803,0.026379077,0.001033095,0.007129489,64.7,0.004653108,-0.000723461,64.56666667,-0.000925371,0.008265002,0.021978279,4
5\1\1976,0.003230515,-0.00108124,0.37,0.018801776,0.000262388,0.002184626,-0.000736714,0.003849851,0.00545164,77.9566,-0.166666667,3.161268153,0.00312703,-0.001044459,0.00381131,0.001037141,0.009979214,0.02,0.006198948,0.003673209,2.616666667,0.633333333,59.2,58.06666667,78,0.018444032,0.002954453,51.86666667,0.004385805,0.018429089,-0.004784313,0.000148124,62.7,-0.002046508,-0.00241759,61.7,-0.001185989,0.002516243,0.001775812,2
8\1\1976,0.002074846,0.003008222,0.086666667,0.002761947,0.000445198,-5.46E-05,-0.00146163,0.004517607,0.005406812,78.54183333,0.166666667,3.192288613,0.000453324,0.002845175,0.00344985,-0.002973633,0.009816963,-0.043333333,-0.001978165,0.002489816,2.58,4.5,54.66666667,53.93333333,76.03333333,0.000603339,0.000118211,50.8,0.012437958,0.017378807,-0.002288232,0.001728176,57,-0.001083705,0.009877157,54.26666667,0.001782268,0.003071834,0.004961653,0.333333333
11\1\1976,0.00309845,-0.000604914,-0.41,-0.029447227,0.005406936,0.004719043,0.004067117,0.005676509,0.007763585,79.20773333,0.033333333,3.228229208,0.003493002,0.000181928,0.000985643,0.003303156,-0.009323339,-0.54,0.002358113,0.002771307,2.516666667,0.8,53.93333333,49.83333333,70.86666667,0.002418637,0.002771541,48.4,0.004398208,0.014148095,-0.000327877,0.002319924,57.2,0.003214243,0.00222491,56.7,0.00126079,0.006897357,0.007194205,2.333333333
2\1\1977,0.005213482,0.001625877,-0.213333333,0.024217286,-0.005454215,-0.004638542,-0.00093682,0.005116445,0.008986635,80.66383333,-0.266666667,3.265839415,0.001494715,0.000866094,0.001772188,0.002619241,-0.005256064,0.163333333,0.0008318,0.005507675,2.723333333,-1.333333333,56.06666667,56.66666667,78.7,0.021311921,0.002181198,52.66666667,-0.007026474,0.020105875,0.0039255,0.004597415,59.16666667,-0.029873586,0.002429108,56.73333333,0.001548968,0.0065181,0.017959684,4.666666667
5\1\1977,0.0084443,-0.00038129,0.496666667,5.82E-05,-0.001455349,0.000689753,-0.002977381,0.002344842,0.012976908,82.78843333,-0.366666667,3.282999531,-0.000390737,-0.000229101,0.001285225,-0.001878181,-0.013960551,0.016666667,-0.00208982,0.006501454,2.53,-0.9,57.8,54.43333333,75.46666667,0.032077171,0.00099491,53.4,0.011537386,0.003971036,0.004476969,0.00820836,60.96666667,0.035610785,0.002351828,61.56666667,-0.001152695,0.006255637,0.009752424,5
8\1\1977,0.007708171,-0.001547874,0.663333333,-0.036161311,-0.00455731,0.004570854,-0.001654594,0.004117094,0.005007889,83.14243333,-0.233333333,3.302979937,-0.002587882,-0.000890913,0.001289911,-0.001640064,-0.006527662,-0.013333333,-0.002247153,0.005411766,1.86,-2.333333333,55.5,56.16666667,68.26666667,0.023215907,0.005554976,48.93333333,0.003338115,-0.006109579,0.000792841,0.004621763,58.23333333,-0.002388469,0.000792167,56.46666667,-0.000812797,0.003694112,0.005748037,4.333333333
11\1\1977,-4.43E-05,0.000386604,0.693333333,0.004669282,0.001260004,-0.00453673,-0.000987801,0.006476317,0.002838076,83.1854,-0.233333333,3.317087862,0.002116862,-0.000316781,0.001951138,0.001616867,-0.018565115,0.24,-0.009663464,0.005193289,1.486666667,-4.6,57.1,55.66666667,64.56666667,-0.011939841,-0.00511106,48.26666667,-0.014191826,0.00608844,-0.001393792,0.004224263,59,-0.000238945,-0.002313324,60.13333333,-0.000578628,0.005130382,0.008454429,7
2\1\1978,0.001396674,0.001058219,0.243333333,0.021942728,0.023445584,0.005592218,-0.00086492,0.002457054,-0.001418062,82.48316667,-0.333333333,3.262292848,-0.000563508,0.001072112,0.001412225,0.000660809,-0.021656036,0.413333333,-0.013844629,0.004474684,1.616666667,-2.366666667,56.1,59.3,72.6,0.008130719,-0.001739414,50.66666667,0.01012804,0.028195167,0.000708176,0.001997967,57.8,0.000110334,0.006573402,56.43333333,-0.001154055,0.002281849,-0.011586695,4.333333333
5\1\1978,0.016784117,0.002352802,0.526666667,0.006384233,-0.027575871,-0.002953322,-2.21E-06,0.00916956,0.016849535,84.43526667,-0.333333333,3.325104983,0.003670063,0.001605484,0.002594974,0.00158616,0.032324547,0.31,-0.004029082,0.008578022,1.843333333,-3.4,59.46666667,58.53333333,80.93333333,0.029038036,0.008590018,53.7,0.043057964,0.001384553,0.011566449,0.012520869,62.56666667,0.00507191,0.004680849,61.43333333,6.18E-05,0.013392583,0.032657676,7.333333333
8\1\1978,0.004258486,0.000224384,0.816666667,0.006872729,0.009929383,0.002089929,-1.56E-05,0.001890237,0.004133736,84.5943,0.033333333,3.305208014,-0.001695666,-0.001340472,0.002318603,-0.003265733,0.026215554,0.17,-0.020791758,0.00519532,1.176666667,-1.133333333,61,60,85.06666667,0.013069579,0.000899855,55.86666667,0.00475571,0.00565046,0.003438327,0.003640083,62.43333333,-0.002499677,-0.005655967,65,0.000423125,0.004071636,-0.006282303,1
11\1\1978,0.00568019,-1.01E-05,1.483333333,0.019759346,-0.00048404,-0.010084459,2.52E-05,0.003511243,0.007765013,85.592,-0.133333333,3.309559198,-0.00018747,0.000565838,0.002182542,-0.000571484,-0.018117661,0.33,-0.006399966,0.005353749,0.25,-6.833333333,60.26666667,64.23333333,85.13333333,0.009496659,0.001359874,55.56666667,0.016948799,0.006001044,0.003917977,0.005235703,60.2,-0.005071411,-0.004424201,61.23333333,0.001799882,0.004624129,0.003238109,5
2\1\1979,0.000845657,0.000823088,0.49,0.020727399,-0.012209316,-0.005879866,-0.00171793,0.002267178,0.001787529,85.194,-0.033333333,3.221588095,0.004714147,-8.10E-05,0.000749382,-0.000747656,0.011374226,0.286666667,0.004949184,0.004272784,-0.276666667,-4.666666667,58.13333333,65.7,86.66666667,0.000327322,-0.002669372,52.6,0.000354961,-0.001289994,-0.003897263,0.00307199,57.53333333,0.004100297,0.008265266,58.4,-0.001913703,0.001272002,-0.004500227,-2
5\1\1979,0.000413937,0.002789796,0.106666667,0.007269957,0.002110036,0.009601954,0.003854465,-0.000165278,-0.000607721,84.32883333,-0.166666667,3.266153269,-0.003067225,0.003577822,-0.002994071,0.005819876,0.007604736,0.006666667,0.006994729,0.003544846,-0.263333333,-4.9,54.43333333,66.9,87.3,-0.001208223,-0.000842345,52.66666667,0.00114741,0.00240362,0.004567334,0.001759372,52.2,-0.002859391,0.002734391,52.6,0.000836426,0.000144891,-0.010149479,2
8\1\1979,0.003116664,0.000177159,0.766666667,-0.002327068,0.02006454,0.006726014,-2.26E-05,0.004276921,-0.001571694,83.5074,0.166666667,3.252853031,0.001599747,-0.001066317,-0.002093549,-0.002491786,0.019401742,-0.01,-0.00758963,0.002000991,-0.57,-4.166666667,50.13333333,53.66666667,87.9,-0.008647135,-0.000109515,52.5,0.015330606,-0.006686045,0.000614461,0.003622252,48.46666667,-0.001117002,-0.00334968,48.9,0.002742246,0.004214714,0.012418657,0
11\1\1979,0.001271559,-0.000232733,2.63,-0.004090887,-0.015331235,0.002278999,-0.003741526,0.001247417,0.001658885,82.94386667,0.1,3.195253724,0.003960794,-0.000231287,-0.00242838,-0.006309029,0.00028238,1.343333333,0.007979453,0.001770087,-1.396666667,1.966666667,47.26666667,45.3,86.4,-0.008118877,-0.000948463,44.6,0.026426529,0.009305221,0.002828936,0.000847336,46.03333333,-0.000848758,-0.006986246,49.93333333,0.001822199,0.000573493,-0.011493526,-1
2\1\1980,0.00138218,0.003269726,1.47,-0.002479111,0.004509734,-0.00651173,0.001120932,-0.000687787,0.001784827,82.5744,0.333333333,3.095518042,0.00045094,0.002449357,-0.005013783,0.00477916,0.024470239,1.54,0.000405693,0.001384908,-1.366666667,0.1,46.66666667,42.4,83.83333333,-0.003445186,0.002479172,44.66666667,0.012016282,0.000457212,0.006939392,-0.001031976,47.5,-0.003594894,0.002247846,49.4,-0.004966005,-0.000185459,-0.005855991,-7
5\1\1980,-0.008851254,-0.002394511,-2.36,-0.045744609,0.008857732,-0.00715894,-0.001111863,-0.009797971,-0.018677895,77.8798,1.033333333,3.024485668,-0.005425749,-0.002401004,0.000129561,-0.010335574,-0.010782454,-1.51,-0.001169424,-0.004031006,0.86,-3.533333333,32.36666667,33.03333333,70.56666667,-0.040855923,-0.005033302,38.63333333,0.008068809,-0.032836943,0.001352062,-0.007643692,27.26666667,-0.013054253,-0.012784631,32.5,0.001195573,-0.012739933,-0.051491861,-16.33333333
8\1\1980,-0.000725638,-0.006336526,-2.85,0.02144342,0.010237781,0.012765408,0.006506437,0.004700326,-0.007050326,75.72646667,0.333333333,3.143639235,0.002641549,-0.000372559,0.001576416,0.017329649,0.059852125,0.476666667,-0.011686941,-0.001778961,1.8,12.5,43.53333333,39.2,64.76666667,-0.034228417,0.000518646,37.46666667,-0.000892421,-0.032437507,-0.00604015,-0.001995917,48.03333333,0.00226244,0.002575607,45.7,0.001988647,0.002433029,0.020240747,0.333333333
11\1\1980,0.007981679,0.003932095,6.016666667,0.002825619,-0.02416637,0.005665164,-0.003803395,0.005742478,0.016531345,78.5303,-0.266666667,3.1775365,-0.004997665,0.000646414,0.001713264,-0.00404851,0.036253202,1.47,0.010041175,0.003992951,-1.19,8.2,55.56666667,47.8,75.5,0.042261285,0.004558311,45.83333333,-0.002540987,0.022760739,-0.000425028,0.005325722,60.06666667,0.006295289,0.019333574,61.56666667,0.001712368,0.006419381,0.013739248,3.333333333
2\1\1981,0.008714092,-0.000158404,0.716666667,-0.03596936,0.01463769,-0.013572128,-0.001757015,0.001851786,0.000981798,78.00243333,0.033333333,3.135556664,0.00230401,0.000461258,-0.001559787,-0.004877135,-0.007537921,0.536666667,0.01563273,0.002564932,-1.43,-4.933333333,49.2,48.96666667,73.26666667,0.041638012,0.008173059,43.8,0.00799839,0.018076366,0.005746378,0.002387966,50,0.000810284,-0.011866401,51.83333333,-0.002437106,0.002857629,0.012761193,-1.333333333
5\1\1981,-0.003403149,-0.00288736,1.21,-0.01665219,-0.015342034,0.007166952,0.004221048,0.000102646,0.001055937,77.85613333,-0.033333333,3.072494985,-0.000277152,-0.003949538,0.001824377,0.005153539,0.002186375,0.79,0.027829854,0.002112767,-1.156666667,7.166666667,51.93333333,49.76666667,69.06666667,-0.020993559,-0.004029468,47.5,0.002422849,0.000764745,0.000938195,0.000155391,53.26666667,0.001189362,-0.0001971,55.96666667,3.83E-05,0.00074312,-0.017998675,-0.333333333
8\1\1981,0.005222783,0.00296817,-0.203333333,-0.008317652,0.012556436,-0.007573227,-0.003960326,0.001715721,0.004566873,77.29873333,0,2.984077034,-0.007082076,6.38E-06,0.002671684,-0.009900272,-0.02597686,1.096666667,0.022620421,0.001692056,-0.206666667,-2.233333333,45.83333333,46.8,66.1,0.026224951,0.005691663,44.53333333,-0.009332523,-0.004954406,-0.000984825,-0.000150377,45.66666667,-0.00042802,0.004346339,46.96666667,0.001187605,0.000885017,0.013856775,-2.333333333
11\1\1981,-0.00544953,-0.004926086,-3.99,-0.034690913,0.004691953,-0.002019914,0.003439992,-0.003292296,-0.009654998,74.79853333,0.833333333,2.941180037,0.000855704,-0.00057131,0.001362359,0.004069297,-0.015465043,-0.76,-0.015355156,-0.002135387,2.336666667,-10.3,37.96666667,39.8,56.86666667,-0.01728093,-0.006281189,42.8,0.001949912,0.012251969,0.003991986,-0.001677726,37.36666667,-0.00057884,-0.001652785,37.6,-0.000386024,-0.001518278,-0.033407446,-8.666666667
2\1\1982,-0.007179125,-0.003160987,0.64,-0.013267188,-0.025689819,0.00445003,-0.001349076,0.002849077,-0.008740024,72.5597,0.6,2.944482672,-0.000633853,-0.001101002,0.003954863,0.004972369,-0.030335705,0.206666667,0.015467312,-0.003374467,1.48,0.266666667,37.76666667,39.1,43.16666667,-0.047939425,-0.002643759,33.9,-0.01915491,-0.012536793,-0.000455696,-0.007047499,39.63333333,0.001152854,0.008011174,39.03333333,-0.002821274,-0.000642648,0.014719208,-5
5\1\1982,0.002324346,0.002386615,0.286666667,-0.016793786,0.014967857,-0.007476569,-0.000539676,0.001532295,-0.005729213,71.70253333,0.6,2.976808337,-0.002072911,-0.001331626,9.30E-05,-0.005673242,-1.14E-05,-0.363333333,0.015463225,-0.002715842,1.51,2.833333333,37.2,41.83333333,38.9,-0.000495777,0.001337463,29.9,0.002530381,-0.007181977,0.002549701,0.001679643,40.33333333,-0.002176186,-0.004833127,39.3,-0.001722155,-0.001076025,0.001260482,-6
8\1\1982,-0.001641358,0.001248433,-3.506666667,-0.016632898,0.009775295,0.004346028,-0.001332135,0.003335273,-0.006732881,70.58943333,0.466666667,3.048700697,0.003462627,0.002612636,-0.001120897,0.000273007,0.000443767,-0.813333333,0.018083038,-0.003477508,3.8,0.733333333,38.5,45.66666667,40.4,-0.005001387,0.000179103,31.56666667,-0.019712955,0.019659449,0.002965641,-0.003088602,40.4,-0.002490067,-0.004357622,40.76666667,0.002370688,0.000754344,0.00346936,-7
11\1\1982,0.000386277,-0.006145287,-1.72,-0.02448163,0.007229655,0.015945381,0.001887407,0.007813893,-0.007939408,68.89486667,0.766666667,3.108113809,-0.00149073,-0.00188728,-0.001830951,0.012279852,0.078978383,-2.45,0.005159484,-0.003531416,2.76,7.966666667,40.46666667,47.33333333,39.13333333,-0.040064322,0.004195854,33.6,-0.020333673,-0.017410015,0.00744536,-0.003943683,43.13333333,0.002643356,-0.006439023,42.86666667,-0.000800192,0.006422154,0.020239682,-1.333333333
2\1\1983,0.005323424,-0.001036881,-0.633333333,0.00933843,-0.010180283,-0.0062181,0.013344806,0.00423641,0.005149771,70.29826667,-0.3,3.212276408,-0.005445167,-0.001125793,0.001157073,-0.004578615,0.035923603,-0.103333333,-0.011064433,0.000837943,2.456666667,2.666666667,51.43333333,49.13333333,46.76666667,0.015037664,0.004027936,40.2,0.006944362,0.009849939,0.003271344,0.002535287,57.23333333,0.00255926,-0.00275546,56.76666667,-0.002063897,0.004895334,0.004014058,2.666666667
5\1\1983,0.009685895,0.004698095,0.15,0.016505514,0.001466438,0.010288335,-0.012136806,0.008551922,0.009566826,72.2171,-0.233333333,3.220195287,0.003003757,0.000241221,-0.002406701,0.000752219,0.042073493,-0.02,0.009767437,0.004037902,2.146666667,17.4,55.93333333,53.8,59.13333333,0.040204157,0.007636944,45.8,0.001342944,0.032180371,0.003676294,0.004822984,61.16666667,0.000905791,-0.006063366,60.96666667,0.000165993,0.008788115,0.031545747,5.666666667
8\1\1983,0.008487342,-0.000779266,0.656666667,0.016750175,-0.009335855,-0.014229068,-0.00418385,0.007644641,0.014625827,74.70093333,-0.766666667,3.255674444,0.000848535,0.001707996,-0.002095458,-0.003559555,0.009365015,1.083333333,0.01397111,0.005334538,2.486666667,-1.466666667,63.06666667,59.93333333,66.86666667,0.027976274,0.001717809,49.56666667,0.006508169,0.032584891,0.007477718,0.008460779,68.43333333,0.004601754,0.011619584,69.73333333,-0.001154144,0.010385728,0.016756764,7
11\1\1983,0.008797738,0.00010271,-0.03,0.007122229,0.009996084,-0.006206388,0.001062134,0.006797321,0.011117494,76.76883333,-0.833333333,3.237878713,-0.001143978,-0.002768009,0.001866689,-0.002271356,-4.44E-05,0.06,0.00136774,0.007450802,2.886666667,-0.033333333,66.76666667,64.13333333,69.6,0.042839931,0.003580782,55.56666667,0.008660181,0.020814385,-0.007420916,0.00804918,71.16666667,0.003084477,0.001004864,73.63333333,8.71E-05,0.006837574,0.021486967,8.333333333
2\1\1984,0.008413661,0.001796843,0.256666667,0.014820034,-0.005227744,0.004396335,0.001433118,0.003725678,0.012647188,78.81366667,-0.666666667,3.28780173,0.004076274,0.001694608,-2.84E-05,-0.000153143,-0.013830993,0.256666667,0.00327743,0.006748679,2.773333333,7.633333333,60.23333333,63.8,69.7,0.043692265,0.00196978,52.7,0.008970633,0.033535119,0.004320312,0.008253936,63.16666667,0.003995186,0.005160107,61.8,0.000586458,0.005421222,0.016653627,6.333333333
5\1\1984,0.007408931,-0.002038647,0.87,0.006307184,-0.034485041,-0.001177991,-1.59E-05,0.006179861,0.006643726,79.56476667,-0.433333333,3.260707251,-0.003395057,-0.000411232,-0.000876092,0.000283679,-0.009800758,1.256666667,0.004815401,0.005364898,3.403333333,-5.366666667,59.23333333,61.1,66.13333333,0.014333568,0.003663052,54.8,0.01066463,0.017830316,0.009248418,0.005728534,60.96666667,-0.001001005,0.005179625,61.3,0.001609473,0.008684583,0.009801844,6
8\1\1984,0.004200498,-0.000315125,0.833333333,-0.02502398,-0.062716538,-0.001044357,-0.003560564,0.003340306,0.002951337,79.68923333,0,3.223236273,-0.00167686,-0.000853285,0.000703562,-0.004067648,0.013130852,-0.333333333,0.023918903,0.004521394,2.546666667,3.4,53.03333333,55.7,57.8,0.010158484,0.00208156,51.23333333,0.009494459,0.011116111,0.003193401,0.001984197,51.76666667,-0.000523597,-0.006627126,54.9,-0.000713389,0.004296645,-5.50E-05,1.666666667
11\1\1984,0.003553925,-3.23E-05,-2.123333333,-0.017026833,0.154056855,0.006249322,0.003847837,0.00568948,0.000479584,79.5604,-0.133333333,3.212276408,-0.000139398,-0.000628416,0.001001065,0.001216059,0.007080533,-1.123333333,0.011370598,0.004258432,2.94,-3.666666667,50.56666667,48.73333333,52.46666667,-0.006937649,0.001115552,46.2,0.008741732,0.012593624,0.009239634,0.002858497,52.56666667,-0.005177387,-0.002900296,54.03333333,-0.001097059,0.006755155,0.013987661,1.666666667
2\1\1985,0.003997706,0.000240814,-0.79,-0.025243235,0.009951987,0.005092407,0.003353391,0.007237547,0.001073581,78.85216667,-0.066666667,3.23409527,0.00083545,0.001942191,0.000779175,0.006850544,0.028913826,-0.16,0.023016103,0.00322893,3.4,-2.3,49.33333333,48.56666667,46.2,-0.014920251,0.001486324,44.9,0.000303809,-0.009684341,0.004917553,0.003538717,50.9,0.003005293,-0.003323984,53.43333333,0.000905262,0.006095231,0.015405988,1
5\1\1985,0.003691657,-3.59E-05,-0.553333333,-0.010087656,-0.056790912,-0.000235707,-0.005239562,0.003929832,0.000482838,78.34566667,0.066666667,3.23695691,0.001799588,-0.001375351,-0.000225058,-0.00125497,0.014790039,-0.77,-0.01318587,0.00318718,3.353333333,-0.6,47.7,47.06666667,45.06666667,0.007541935,0.00177288,41.46666667,-0.0015502,0.020840589,0.009676896,0.002802957,50.5,0.00143407,-0.000948353,51.33333333,0.001126543,0.005354231,0.004938297,1.333333333
8\1\1985,0.006738842,-0.00124111,-0.023333333,-0.030950859,0.006136182,0.006190874,0.001463041,0.008160765,-0.000739261,77.77496667,-0.1,3.230704314,-0.004158637,-0.000490045,-0.000183285,0.004692854,0.009080078,-0.476666667,-0.02222842,0.002227174,3.23,-1.466666667,48.5,47.26666667,44.63333333,-0.004771192,0.007217805,43.43333333,-0.00643346,-0.004261227,0.011133019,0.001177958,52.96666667,-0.003421496,-0.002506874,50.53333333,-0.000139302,0.006838643,0.027638416,0.333333333
11\1\1985,0.003320209,0.001713415,0.203333333,-0.009066968,-0.005842526,8.49E-05,-0.002751701,0.000981859,0.00260241,77.77306667,-0.166666667,3.261183538,0.006215736,0.000611572,-0.000673519,-0.002762369,0.020244216,-0.576666667,-0.029237227,0.0028486,2.593333333,-1.5,51.2,49.26666667,46.93333333,0.016720752,0.001756322,45.43333333,0.012830217,0.016562663,0.00257497,0.002048031,55.13333333,-0.000785608,0.001375121,55.56666667,-0.000694881,0.002474939,-0.016507841,-0.333333333
2\1\1986,0.00413377,-0.002153102,-0.276666667,-0.016614237,0.003113946,-0.00906391,2.34E-05,0.003609469,0.002503352,78.33746667,0,3.278448726,-0.010217587,-0.000287604,-0.001686813,-0.002847053,0.044500695,-1.203333333,-0.023107571,0.001792322,1.66,2.2,51.06666667,50.13333333,49.03333333,-0.000958832,0.004413595,44.43333333,0.01371096,-0.000184408,0.00467506,-0.000620293,56.1,-0.004002138,0.00245568,54.16666667,-0.000262056,0.003342886,0.009002565,-0.666666667
5\1\1986,0.00172055,-0.004371111,-0.906666667,-0.024613656,-0.00047347,0.008901599,0.004965817,0.004578168,-0.0026232,78.0895,0.133333333,3.273695588,-0.000352941,-0.002853033,0.001310832,0.007244362,0.043379912,-0.953333333,-0.019468783,0.001600463,1.463333333,2.1,51.2,50.26666667,47.86666667,-0.009768485,0.00262388,44.6,0.004658614,0.018038528,0.009120882,-0.001021967,56.93333333,0.000816958,-0.003258621,53.7,0.000572085,0.004596044,0.014939318,0
8\1\1986,0.004139671,0.004766498,-0.713333333,-0.005902274,0.005245082,0.004624926,-0.000567141,0.007467516,0.001714751,78.30273333,-0.2,3.245183532,0.005455445,0.002993371,-0.001833,0.001372745,-0.002601437,-0.296666667,-0.017433941,0.002296172,1.783333333,-3.533333333,51,50.1,52.63333333,-0.013856763,0.002174521,46,0.009813757,0.011905372,0.009783335,0.002188303,55.63333333,0.000672319,-0.001488715,53.93333333,-0.002313813,0.006351121,0.037012655,1
11\1\1986,0.002183255,0.000377284,0.06,0.018286474,0.004293948,0.003229918,-0.001216302,0.00275392,0.004993176,78.9144,-0.133333333,3.233588311,0.004074861,-0.000168524,-0.000263879,0.000468404,0.006759334,-0.043333333,-0.00083842,0.002503155,1.91,-2.9,50.96666667,52.03333333,57,0.000629591,-0.001293737,42.93333333,0.015896213,0.003466193,-0.002417293,0.003284674,55.63333333,-0.001010625,0.005537145,53.96666667,0.000872557,0.001694685,-0.006786939,2
2\1\1987,0.002849385,0.002185932,-0.046666667,-0.000319159,-0.007959823,-0.009719807,-0.002791859,0.000190692,0.005860275,79.58453333,-0.233333333,3.245841554,-0.000169183,0.001787828,-0.003744841,-0.004479617,0.067373121,-0.07,-0.024775057,0.002893021,1.656666667,-0.4,54.16666667,51.53333333,62.1,0.013156411,-0.002010996,46.5,0.000232519,-0.002790382,0.001123044,0.005171068,58.93333333,-0.012514292,0.011027359,58.53333333,-0.000703802,-0.000998456,-0.028606418,1
5\1\1987,0.004749784,-0.000317769,0.43,0.025711904,-0.01884817,-0.011443031,-0.003067093,0.005897174,0.007347244,80.29283333,-0.333333333,3.207365037,0.000385055,-0.001154029,-0.001617361,-0.006522119,0.031841255,1.15,-0.013613923,0.00372892,2.686666667,0.1,56.7,54.53333333,68.6,0.0006011,0.002846573,48.6,0.017267224,0.010756206,0.003010436,0.002470965,61.46666667,0.004745467,-0.017684427,60,0.000868491,0.005590023,0.018115382,3.666666667
8\1\1987,0.003924325,-0.000307816,0.193333333,0.013880089,-0.005412346,-0.011522182,-0.00100479,0.004849443,0.007605572,81.10463333,-0.266666667,3.210853365,-0.001126021,0.000687693,-0.002318515,-0.00698871,0.040062139,0.533333333,0.005650292,0.00350194,2.833333333,2.4,58.96666667,60.23333333,76.33333333,0.000423805,0.000650925,47.73333333,0.018299789,0.008363139,0.000761161,0.003021331,62.93333333,0.003774482,0.002739876,64.06666667,-0.001704275,0.004682072,0.017742746,3.666666667
11\1\1987,0.007518043,-0.000549684,0.073333333,-0.002696941,0.005391173,0.007612044,0.002234322,0.001061505,0.010533311,82.91003333,-0.166666667,3.182889967,-0.002741767,-0.00073825,-0.000342616,0.004151491,-0.104202331,0.246666667,-0.023995222,0.004076579,3.26,-7.833333333,60.16666667,63.26666667,79.16666667,0.032606186,0.003909068,50.9,0.015750494,0.009839202,0.005902056,0.004457785,62.03333333,0.000953084,0.00121434,63.4,0.002056962,0.001882431,-0.012717928,1.333333333
2\1\1988,0.002117902,-0.000659437,-0.253333333,0.002833734,-0.005270276,-0.002228642,0.002642948,0.007169786,0.003799245,83.15116667,-0.133333333,3.153916442,0.002045026,7.70E-05,-0.001266351,-0.001573448,0.005845059,-0.706666667,-0.013566118,0.003343122,2.693333333,6.066666667,56.1,60.16666667,78.13333333,-0.025195032,0.001244459,46.9,0.023365727,-0.001876254,-0.00253748,0.000386625,58.4,-0.001710649,-0.001177805,58.53333333,-1.07E-05,0.00398792,0.021446946,-1
5\1\1988,0.005487859,0.001577664,0.493333333,0.012899412,-0.011141774,0.006049477,0.000750772,0.003097918,0.003827775,83.9031,-0.233333333,3.17338054,0.001207117,0.001035212,-0.000408186,0.004933714,0.011090928,0.493333333,-0.003981684,0.003837449,2.7,2.466666667,56.86666667,60.36666667,81.06666667,0.010440439,0.000737362,50.13333333,0.011852492,-0.005093911,0.000982502,0.006165628,59.63333333,0.002429309,0.005279588,59.6,-0.001949036,0.003493534,0.000177017,0.333333333
8\1\1988,0.00230835,0.000309244,0.826666667,0.008479996,0.016582474,-0.000987085,-0.004175915,0.003608991,0.002261428,84.04123333,0,3.171433901,0.002780753,0.000375335,-0.001910013,-0.002377253,0.00257453,0.19,0.02369601,0.003263875,2.09,1.733333333,56.26666667,57,77.33333333,0.002786005,0.001158221,51.13333333,0.007978549,0.010014726,-0.000576756,0.001184696,59.46666667,-0.002273646,-0.002692084,57.93333333,0.000536801,0.002471868,-0.005657949,-0.333333333
11\1\1988,0.005695973,-0.00054409,0.486666667,-0.008930241,0.008166025,-0.004950556,-0.000344774,0.005066167,0.003143331,84.73266667,-0.133333333,3.190705124,-0.002585044,-0.000934737,-0.000190155,-0.004439507,0.013259657,-0.143333333,-0.018428517,0.003422055,1.23,-0.6,55.7,53.3,70.73333333,0.005734944,0.000951793,50.23333333,0.013118029,0.012878084,0.008342468,0.004792145,58.2,-0.002662622,-0.002584469,57.93333333,-3.65E-05,0.005599516,0.011991287,0.666666667
2\1\1989,0.004385286,0.000187316,0.973333333,0.009711896,-0.006334104,-0.003279145,-0.001415679,0.001614585,0.001694159,84.74246667,-0.133333333,3.17299191,0.005053892,0.000899666,-0.001795223,-0.001643236,0.025590946,0.25,0.008388915,0.003497139,0.666666667,2.5,53.43333333,53.46666667,68.76666667,0.01631628,0.000727826,48,0.012282891,-0.00121968,-0.002732258,0.004249574,55.53333333,0.013082359,0.003084969,55.4,-9.78E-05,0.0011707,-0.002691047,-1.333333333
5\1\1989,0.002837894,0.002057986,0.283333333,-0.007700535,-0.016516617,-0.00684588,0.000591241,0.002042852,-0.001848902,83.5815,0.033333333,3.132152918,-0.001053579,0.000500385,-0.002974304,-0.004159788,0.030012313,-0.433333333,0.018161635,0.002086454,0.363333333,-7,49.6,49.26666667,58.23333333,-0.005076797,0.001447296,46.6,0.018548315,0.006447499,0.006667284,0.001730377,49.8,-0.008958788,-0.000391,51.7,0.000322194,0.002740355,0.006173727,-3
8\1\1989,0.003087039,-0.003581505,-0.643333333,-0.012231564,0.027617062,0.011945407,0.005316058,0.004113184,-0.002611492,82.41176667,0,3.12904506,-0.007320863,-0.002866229,0.001047399,0.006557275,0.036053361,-0.666666667,0.001550075,0.000834031,0.263333333,3.033333333,45.66666667,44.66666667,44.6,-0.005128657,0.001564434,44.83333333,0.005003426,0.000513874,0.004024908,0.000976094,45.66666667,-0.003180024,-0.000148034,47.2,0.00045142,0.004616177,0.009703806,-3.666666667
11\1\1989,0.00109895,0.001010225,-0.47,-0.017983743,-0.003503988,0.006223687,0.000153679,0.001983154,0.001960509,81.95596667,0.133333333,3.12623967,0.004556869,0.000819219,0.000196437,0.003453682,0.003109732,-0.2,-0.009560253,0.002054928,0.253333333,0.866666667,47,43.1,40.96666667,-0.004527457,0.000787131,43.03333333,0.007060956,0.005666773,0.002307505,5.88E-05,49.66666667,0.000760209,-0.00504884,49.13333333,0.000483506,0.000651921,-0.014192635,0.333333333
2\1\1990,0.00498609,0.003019633,-0.363333333,-0.014540384,-0.017392289,-0.003721784,-0.002274525,0.003515023,0.003286418,82.30623333,-0.066666667,3.154017996,0.00515121,0.002802252,-0.000201178,-0.000374668,-0.006741079,0.516666667,-0.008470136,0.002773029,0.663333333,-3.666666667,48.73333333,46.6,48.5,0.004322685,0.00481344,41.76666667,0.018082195,0.009452225,0.006673296,0.001028274,51.3,-0.003362101,-0.004271603,51.63333333,-0.001264889,0.004407302,0.019350759,-2.666666667
5\1\1990,0.001107597,-0.003136849,-0.006666667,0.015051962,0.006815795,-0.004178861,-0.002595201,0.001443463,0.00304123,82.30643333,0.033333333,3.083622046,-0.010204837,-0.001729753,-0.001213045,-0.000649638,0.021616358,0.253333333,0.000699989,0.000317425,0.93,-2.066666667,49.56666667,48.4,51.4,4.92E-05,0.003118295,41.3,0.005500777,0.004827526,0.000735187,-0.002261211,52.46666667,-0.003901491,0.004046229,52.9,0.001198726,-0.000405527,-0.014639525,-5.666666667
8\1\1990,2.99E-05,0.003161829,-0.083333333,-0.006846862,0.005310073,0.000495921,0.001047257,0.001780813,0.001337845,81.92706667,0.366666667,3.053846427,0.00685067,0.000767031,-0.002248678,0.000329239,-0.012031983,0.026666667,-0.021916986,-0.000576298,1.226666667,-13.6,45.73333333,48.46666667,58.23333333,-0.010354158,0.002383545,41.13333333,0.003617419,-0.000637094,-1.96E-05,-0.002917406,45.7,0.002863522,-0.001821321,47.73333333,0.001286995,0.000479218,-0.004627992,-4.666666667
11\1\1990,-0.003294922,-0.000125222,-0.416666667,-0.021032167,0.001885236,0.002568027,-0.00135735,-0.003119694,-0.006796756,80.07076667,0.433333333,3.01814549,0.003952428,0.000171725,-0.002584931,-0.001035478,-0.02803248,-0.306666667,-0.020025829,-0.001766993,1.406666667,-13.86666667,41.76666667,47.96666667,65.5,-0.028258099,-0.003594068,40.56666667,0.004352454,-0.01393396,0.004375677,-0.002147693,40.66666667,-0.001410689,-0.001121839,42.5,-0.004105394,-0.002932727,-0.01277081,-10.33333333
2\1\1991,-0.00221664,-0.004077497,-1.316666667,-0.016525189,0.000587406,0.00557669,0.002040648,-0.001849271,-0.008356881,77.85653333,0.466666667,2.951661257,-0.011382661,-0.002336016,-0.000633203,0.001920222,0.050532983,-0.38,0.006048767,-0.002360815,1.993333333,14.76666667,39.76666667,44.33333333,45.76666667,-0.018184147,0.000911658,41.03333333,0.001923328,-0.009139705,0.001737035,-0.004598881,39.9,-0.004446071,-0.000474955,39.73333333,0.000777221,-0.002933993,-0.012866284,-7.666666667
5\1\1991,0.002806641,-0.000664151,-0.563333333,-0.011358354,-0.005637185,-0.006324356,-0.000319117,0.003776444,0.002758723,77.89793333,0.233333333,3.004751156,-0.00071677,-0.000849374,0.000319726,0.003023975,0.032872065,0.113333333,0.027750376,-0.002457582,2.57,6.8,45.86666667,46.03333333,38.86666667,-0.002040131,0.006110942,38,0.015642369,0.01222619,0.001494377,-0.002697034,51.13333333,0.000386446,-0.003523091,48.36666667,-0.000687285,0.002717568,0.002263263,-2
8\1\1991,0.002094638,0.000727351,-0.22,-0.018046175,0.002828835,0.00716718,-0.00341277,0.001875979,0.005790277,78.9166,0.033333333,3.018006627,0.001188673,0.000662178,-0.000357695,-0.000234695,0.007853818,-0.19,0.000165704,-0.00031302,2.563333333,1.333333333,52.8,48.9,41.9,0.010673986,0.002757722,41.33333333,0.010291037,0.011307113,-0.002001705,-0.000524927,58.8,-0.001890471,-0.000517685,59.4,-0.000635436,0.001031689,0.006814995,-1.666666667
11\1\1991,0.002030952,0.000290577,-0.826666667,-0.006217051,0.012621429,0.003855396,-0.000194619,-0.00037821,0.00095849,78.90993333,0.233333333,3.036229544,0.003687521,0.000390746,-0.001366816,0.002212631,-0.001704187,-0.593333333,-0.01944826,-0.000201808,2.806666667,-10.73333333,49.8,49.9,48.83333333,0.016152381,0.003156593,40.7,0.009881581,0.005168627,-0.001743923,-0.000538601,53.66666667,-0.000232188,0.004604104,54.46666667,0.001759086,-0.000493916,-0.007219227,-1.333333333
2\1\1992,0.004476233,-0.000655341,-0.793333333,-0.010963994,0.007291552,0.011674852,0.002318311,0.007100241,-0.000521619,78.59733333,0.266666667,3.093771781,-0.003091956,-9.88E-05,-0.001897454,0.006950042,0.030220685,-0.043333333,0.003296729,-0.000287536,3.41,-0.9,51.53333333,49.43333333,46.46666667,-0.009693102,0.008053925,44.13333333,0.007272121,0.003729107,0.003365291,-0.002113062,57.06666667,0.006372009,-0.005551015,56.26666667,-0.000481357,0.006012111,0.016661898,1.666666667
5\1\1992,0.004167756,0.000394926,-0.253333333,0.009628791,-0.010080782,-0.009325228,-0.003426651,0.002490447,0.007555736,79.63393333,0.233333333,3.061703734,0.002361553,-0.000583934,1.90E-05,-0.005774383,-0.003534433,0.073333333,0.001801734,0.001061968,3.696666667,7.066666667,53.96666667,49.4,53.33333333,0.027625,0.002500445,44.43333333,0.000183696,0.010809432,-0.000452987,0.001739124,59.93333333,-0.001798063,0.000642561,58.86666667,-0.000525764,0.003785201,0.003413189,1
8\1\1992,0.004238074,-2.53E-05,-0.513333333,-0.002421593,-0.005423411,-0.004620626,0.000254929,0.004300569,0.003140155,79.83126667,0.033333333,3.073229418,-0.000599937,0.000249776,-0.001332998,-0.000281179,0.004268598,-0.76,-0.021302331,0.000806842,3.533333333,-2.633333333,52.33333333,51.33333333,53.83333333,0.004587379,0.00429712,45,0.009259425,0.006093271,0.002303394,0.000808346,56.46666667,0.002948588,0.001558787,56.03333333,-0.000455629,0.004207323,0.009350921,-0.333333333
11\1\1992,0.004758257,0.000484989,-0.22,-0.01512112,0.01665285,0.014324414,0.00257706,0.005018627,0.004275671,79.8281,-0.266666667,3.089316237,0.000575233,-0.000286375,-0.000929368,0.005881442,0.005080602,0.126666667,0.02618927,0.001950511,3.673333333,10.23333333,52.7,50.46666667,45.5,0.013754268,0.003153318,43.16666667,0.002412857,0.007084705,0.000100705,0.002925252,57.86666667,0.000145978,0.002545668,57.06666667,0.000548591,0.005167013,0.008880224,2.333333333
2\1\1993,0.000526126,-0.000639446,0.003333333,-0.003744645,-0.017195734,-0.016039367,-0.004296144,0.001551407,0.003810819,80.24746667,-0.233333333,3.067318883,-0.000593868,-0.000490451,0.000739713,-0.009179764,0.012138398,-0.463333333,0.013880344,0.002813168,3.32,1.533333333,54.83333333,52.23333333,52.43333333,0.009801296,-0.003339268,43.83333333,0.000513707,0.00979081,-0.004569533,0.003740258,60.26666667,0.003053731,1.80E-05,60.56666667,0.000359495,0.000466694,0.004245415,2
5\1\1993,0.002194836,-2.27E-05,-0.04,-0.009369666,0.001426005,0.001802787,0.003087617,0.003831362,0.000989546,80.1774,-0.066666667,3.102433706,0.001031176,0.000548546,0.000290994,0.003706172,0.000932505,-0.29,-0.012072365,0.002573637,3.023333333,-8.166666667,50.33333333,51.56666667,51.86666667,0.003389085,-0.001976848,45.33333333,0.005067153,0.011883109,-0.000441176,0.005100854,53.26666667,0.000511956,-0.001708975,53.23333333,0.000490672,0.003797558,0.014370787,0.666666667
8\1\1993,0.002223404,-0.001120928,0.06,-0.001121318,0.001302372,0.002715537,0.000218232,0.004717894,0.00229233,80.11033333,-0.266666667,3.113609151,-0.006947674,-0.001304322,0.000634432,0.000755362,0.001481605,-0.373333333,0.009110357,0.002819469,2.613333333,-6,50.56666667,51.36666667,50.9,7.87E-06,0.000738035,45.36666667,-0.001126671,0.005608245,-0.001238656,0.002015272,53.9,0.001652427,0.002252802,53.93333333,-0.001606304,0.003967677,0.005227817,3
11\1\1993,0.005805178,0.001580522,-0.07,0.008758291,0.002569066,-0.00046676,0.000481844,0.003853197,0.006350114,81.01713333,-0.166666667,3.156448188,0.003938649,0.000796058,0.001233958,-0.001697948,0.016828189,-0.01,0.006050526,0.003466046,2.546666667,8.1,54.26666667,51.03333333,52.23333333,0.021881975,0.004127165,45.76666667,0.014109601,0.015131813,0.001602296,0.003544015,60.56666667,0.005447467,2.18E-05,58.43333333,0.000662893,0.005538068,0.011363058,4.333333333
2\1\1994,0.00439333,-0.001408692,0.223333333,0.014303251,-0.01172853,-0.010905531,-0.001218607,0.004788499,0.005492549,81.4479,-0.066666667,3.14332713,0.002323026,-0.000564289,0.00188359,-0.005651911,0.011989857,0.46,0.00253281,0.003536052,2.823333333,11.13333333,56.46666667,55.6,61.6,0.0182857,0.002331121,43.83333333,0.003717074,0.00967965,-0.004432857,0.001727978,62.83333333,0.001595597,0.00548735,61.1,0.000639704,0.003160801,0.010327385,7.333333333
5\1\1994,0.005627682,0.000283618,0.726666667,0.004861304,-0.007567428,-0.005829755,-7.48E-05,0.003116953,0.007844245,82.5816,-0.366666667,3.166331422,-0.001627781,0.000640677,-0.000168084,-0.002602019,-0.018852796,1.016666667,-0.007264393,0.004442347,3.096666667,-1.833333333,58.13333333,59.23333333,67,0.024653768,-0.001026894,47.26666667,0.014147288,0.017961537,0.001876089,0.007293698,63.1,0.001888058,0.005132637,62.03333333,0.000114132,0.003927374,0.005044378,-0.333333333
8\1\1994,0.002426141,0.001544502,0.546666667,0.010762562,0.001046711,0.001776836,-0.001041725,0.003100258,0.005359526,82.91276667,-0.2,3.162663958,0.002188857,0.001474878,-0.0008538,0.000260036,0.012085048,0.25,-0.015824753,0.004297333,2.856666667,-2.233333333,58.5,60.73333333,75.7,-0.007713699,-0.002504656,45.36666667,0.015898963,0.012055484,0.007055171,0.005154831,63.3,-0.001993364,0.001854703,61.76666667,-0.001156964,0.004020573,0.004731405,2
11\1\1994,0.005064071,-0.001484077,0.68,0.016796882,-0.000149313,-0.00336401,-0.000339543,0.004319899,0.008467442,83.9388,-0.366666667,3.16790781,-0.002308114,-0.001901682,0.001373469,-0.003116725,0.005621215,0.503333333,-0.003514075,0.003914357,2.556666667,5.3,58.23333333,64.8,85.23333333,0.019739305,0.003612741,46.63333333,0.009755728,0.010323867,-0.003709142,0.002604829,61.13333333,0.00536074,0.000741818,62.23333333,0.000579614,0.003911788,0.015235812,5
2\1\1995,0.001204716,0.000657665,0.643333333,0.014826749,-0.00041383,-0.000437255,0.000628996,0.00068765,0.005376449,84.09626667,-0.166666667,3.121887985,0.003313447,0.000158661,-0.000168228,-0.000642416,0.017293436,-0.353333333,-0.003403945,0.003653024,1.746666667,-1.533333333,54.86666667,60.1,82.2,0.004297025,-0.002115944,46.4,0.007686602,0.009066276,0.001781451,0.002944272,56.06666667,-0.002865607,0.002305587,57.7,0.000358361,0.00224003,-0.008540919,-1.666666667
5\1\1995,0.000774606,0.000357788,0.21,0.002368607,-0.005364004,-0.003276761,0.003544853,0.003578885,0.00126826,83.2653,0.2,3.109691015,-0.001728741,0.000303641,0.000643234,-3.93E-05,0.039001276,-0.863333333,-0.023944888,0.001890702,1.023333333,-2.033333333,48.03333333,53.8,69.9,-0.011751281,4.29E-06,43.5,0.00603529,0.006283208,0.001769375,0.000247114,46.56666667,-0.002848639,0.001066472,50.03333333,0.00077546,0.002469366,0.00501639,-4
8\1\1995,0.003524321,-0.001352338,-0.223333333,0.0021307,0.007009767,0.007328401,0.003586898,0.00376952,0.004122468,82.90423333,0,3.150858735,-0.001251872,-0.000552129,0.001955299,7.43E-05,0.032437322,-0.296666667,0.01137923,0.002176281,0.956666667,1.433333333,48.63333333,50.13333333,51.96666667,-0.004144545,0.000900741,44.1,0.018722383,0.001530362,-0.001412997,0.004471499,49.53333333,-0.00198464,-0.005158488,50.4,-0.000665325,0.003113275,0.012738895,1.333333333
11\1\1995,0.003164964,0.00017749,-0.076666667,-0.001171629,-0.005656729,-0.00719999,-0.003476683,0.002954959,0.003598223,82.62866667,-0.1,3.151472001,0.001913488,-3.14E-05,0.00051711,-0.003577149,0.01929123,-0.43,0.006486625,0.002254995,0.633333333,-2.7,46.26666667,47.06666667,43.76666667,0.012066645,0.004128006,42.86666667,0.006553852,0.004097042,-0.004957665,0.000425717,47.33333333,0.002431123,-0.004482215,46.3,0.000262214,0.002416305,0.007938966,1
2\1\1996,0.003053353,0.001483512,-0.356666667,-0.012794552,-0.000555511,-0.001586436,0.001138451,0.00381216,0.003138373,81.8173,-0.033333333,3.164551119,0.001210224,0.000878268,0.000505496,-6.95E-05,0.02863335,0.016666667,0.009465767,0.002065123,0.98,-0.5,46.1,48.96666667,39.66666667,0.005958606,0.004505183,43.3,0.005233446,0.012383113,0.002635965,-0.000690029,46.43333333,-0.001434869,0.001710544,46.2,-0.000623876,0.004659044,0.004645185,-1.333333333
5\1\1996,0.007060929,-0.000126286,-0.12,0.023462161,0.00024356,0.003174944,-0.000111633,0.00470426,0.008433531,82.28343333,-0.033333333,3.174834815,-0.000366309,8.11E-05,0.002249361,0.003371196,0.019484151,0.81,0.005286221,0.003292607,1.7,1.166666667,50.66666667,50.7,46.53333333,0.021809076,0.004936784,42.06666667,0.007315373,0.012976058,0.007090111,0.003580153,54.46666667,-0.001659905,-0.000345528,53.36666667,0.000175,0.006535654,0.014098507,-1.666666667
8\1\1996,0.003625384,-0.001226323,0.063333333,0.009321097,-0.011234517,-0.011240899,-0.001132205,0.002758856,0.005689272,82.48743333,-0.233333333,3.176477127,-0.002005845,-0.001040429,0.002051483,-0.005011656,-0.001049233,0.06,-0.00182323,0.003093648,1.683333333,5.9,50.8,50.9,46.93333333,0.021136931,0.001256536,42.23333333,0.0036717,0.014147426,-0.001449875,0.003380044,53.7,0.00085753,0.001069084,53.66666667,-2.87E-05,0.003105864,0.003576113,0.333333333
11\1\1996,0.005047373,0.001265001,-0.026666667,-0.033223816,0.00070115,-0.001724071,0.000857843,0.00360168,0.005898523,82.3002,0.066666667,3.15136985,0.002073808,0.001163839,-0.000212217,-0.001738533,0.038658514,-0.436666667,0.002434937,0.002944507,1.366666667,3.9,52.9,51.36666667,48,-0.001597615,0.000972044,42.1,0.026261703,0.005848148,0.003904556,0.005326323,57.16666667,-0.004774151,0.001736482,57.46666667,-0.000512194,0.004208731,0.008727811,2.333333333
2\1\1997,0.003344272,-0.001119091,-0.003333333,0.00668451,0.008506604,0.008388919,0.000192583,0.004668007,0.008272777,82.76273333,-0.1,3.156145156,-0.003072244,-0.000925485,0.002606342,0.005211815,0.031729334,0.22,0.021547346,0.003028361,1.503333333,1.4,53.56666667,51.63333333,53.6,0.009024626,-0.001278585,42.66666667,0.007818838,0.017963479,0.000648148,0.004859877,57.73333333,-0.000894308,-0.000960081,57.9,0.000156633,0.004527134,0.012351984,2.333333333
5\1\1997,0.006553231,-0.001641484,0.246666667,-0.005508021,-0.008183887,-0.00502988,-0.000250171,0.002016446,0.006722454,82.8021,-0.233333333,3.169086357,-0.004598753,-0.001146183,0.00160379,-0.002645614,0.023326122,0.133333333,0.006861136,0.003533134,1.65,2.733333333,54.9,54.33333333,49.23333333,0.02797919,0.005603559,44.9,0.016975306,0.017194148,0.004528865,0.002398378,59.43333333,0.004728754,0.000583871,56.66666667,0.000611815,0.00359718,-0.001395028,-1.666666667
8\1\1997,0.00537353,0.001169661,0.01,-0.000644079,0.012992731,0.012842539,0.001877322,0.007071989,0.009951208,83.30496667,-0.133333333,3.163658223,0.003282125,0.000349783,0.001761238,0.007212383,0.051947092,-0.453333333,0.007646088,0.002759209,1.196666667,5.2,55.96666667,54.9,52.36666667,0.008624312,0.004233717,45.36666667,0.010207526,0.015715738,8.42E-05,0.002430226,59,-0.005132786,-0.001141339,60.86666667,-0.00026412,0.007326084,0.019465311,1.666666667
11\1\1997,0.003190562,0.000168378,-0.026666667,-0.006385906,0.005102085,0.001106892,-0.000147457,0.004468942,0.010694088,83.74623333,-0.2,3.185258765,0.001872253,0.000274223,0.003753216,-0.001994514,0.005079162,-0.336666667,0.002819345,0.003675481,0.816666667,-0.8,55.53333333,54.66666667,52.63333333,0.007056623,0.002073259,45,-0.000414997,0.007173982,-0.000163744,0.00214428,58.5,0.002268419,0.000832985,58.73333333,0.000169428,0.003552795,0.010798361,2.333333333
2\1\1998,0.004778103,-0.001439909,0.013333333,-0.036703963,-0.001834768,-0.001017237,0.001437088,0.004765207,0.004723565,83.1572,-0.033333333,3.192753248,-0.004523855,-0.001111734,0.002853472,0.002914196,0.031317505,-0.32,0.011612106,0.002973845,0.533333333,2.366666667,53.2,52.93333333,45.56666667,0.022071014,0.003233539,46.13333333,0.001869294,0.015727955,-0.002378905,0.002486497,55.53333333,-0.001888855,0.001229627,54.9,-0.000123828,0.004839343,0.001928262,2
5\1\1998,0.002862686,0.000532897,-0.02,0.008225099,-0.002498756,-0.000608042,-0.000227145,0.006842246,0.003392368,81.9608,-0.233333333,3.196544622,0.003200954,0.00039444,0.001312079,-0.002685666,0.03626439,0.01,0.005258776,0.002885159,0.62,-1,50.66666667,51.6,40.3,-0.006966905,0.000755702,44.7,-0.00468592,0.011755855,0.008719625,0.001855574,52.33333333,0.006661675,-0.003161616,52.36666667,0.000512873,0.008136857,0.019621566,-1
8\1\1998,0.004971768,0.000793578,0.033333333,-0.021459274,-0.004375461,-0.003893442,-0.000450208,0.005214978,0.003060097,81.03526667,0.133333333,3.21254271,0.000110832,0.000704428,0.00070216,-0.000430168,-0.005310154,-0.393333333,0.006198169,0.002457829,0.38,-4.366666667,49.06666667,50.43333333,36.73333333,0.009811595,0.005162622,44.03333333,-0.001849645,0.005474891,0.003911307,0.000690573,50.7,-0.000284875,0.005655695,50.9,-0.000233989,0.005139923,0.011923429,-1.333333333
11\1\1998,0.006547861,-0.000187664,-0.673333333,-0.03205047,0.010494897,0.008160814,0.003784556,0.00581872,0.005371375,81.11436667,-0.1,3.236117207,0.001771701,0.000166426,0.002140858,0.006382777,0.021640343,-0.533333333,-0.024017175,0.002751238,0.416666667,-6.166666667,47.9,49.56666667,33.7,0.010473314,0.00248783,44.76666667,0.016018503,0.012427897,0.003989619,0.005973379,48.66666667,-0.003164523,0.002881752,50.16666667,0.000326564,0.006585206,0.025034936,-2
2\1\1999,0.003672285,-0.000448645,-0.126666667,-0.021893637,-0.003669406,-0.002299743,-0.003589732,0.0043204,0.004673705,80.8692,-0.133333333,3.232826762,-0.000116428,-0.000504183,0.00161302,-0.004025827,0.053420075,0.313333333,0.003564129,0.002677446,0.576666667,8.2,51.56666667,51.36666667,37.13333333,0.01194705,0.004599429,43.3,-0.003796537,0.011041161,0.0029065,0.000127366,54.43333333,0.003627599,-0.016249538,55.76666667,-0.0017275,0.004461985,-0.001633632,4.333333333
5\1\1999,0.003577949,0.001654688,0.013333333,-0.015885254,-0.010449597,-0.01029451,-0.001426738,0.006718542,0.003936973,80.56953333,-0.033333333,3.197096691,0.001090401,0.001732179,0.002737641,-0.000627959,0.02230309,0.556666667,0.01143808,0.002814708,1.086666667,-1.166666667,54.13333333,51.4,50.93333333,0.00032357,0.000950499,45.03333333,0.004893034,0.01518908,0.002627937,0.002995046,57.06666667,0.000497762,0.00324505,59.1,0.000884997,0.006644691,0.020021911,-4
8\1\1999,0.005040888,-2.40E-05,0.346666667,0.002251032,-0.004751175,-0.002994855,-7.97E-05,0.004519896,0.004361805,80.25006667,-0.033333333,3.217659381,0.001612922,-0.000444169,0.001844177,-0.002870085,0.011037335,0.343333333,-0.003713619,0.002430058,1.233333333,1.433333333,55.13333333,53.73333333,60.63333333,0.010544782,0.002916074,44.96666667,0.011321035,0.014887637,0.005363237,0.002917108,58.53333333,-0.001728515,0.00319408,58.76666667,-0.000359989,0.005279579,0.009145518,-2.333333333
11\1\1999,0.007649516,-2.36E-05,0.213333333,0.004081128,0.015405494,0.012931096,-0.000313286,0.005335722,0.008452977,81.04836667,-0.166666667,3.218710518,-0.000148495,0.000194377,0.000735517,0.006936299,0.014822499,0.256666667,-0.008033227,0.00308058,1.096666667,0.033333333,57.7,56.56666667,68.1,0.015808973,0.006915925,48.9,0.011252332,0.008585068,0.006908973,0.001379686,61.56666667,-0.000703237,0.005272546,60.16666667,0.000174886,0.005100336,0.003000154,1
2\1\2000,0.001100718,0.0010845,0.37,-0.011413468,-0.001226812,-0.001315083,0.000891304,0.006864463,0.005086592,81.02646667,-0.033333333,3.219846386,0.00081177,0.001189212,0.000479735,-0.00522928,0.022731167,0.34,0.010391886,0.002542476,0.96,6.3,55.8,54.56666667,74.23333333,-0.007794377,-0.001544703,48.4,0.006907675,0.016813439,-0.003276491,0.001774593,58.43333333,0.000170418,-0.001284716,58.8,0.001364231,0.005938663,0.023712893,3
5\1\2000,0.006767207,-0.000885314,0.596666667,0.008636185,-0.010992406,-0.008576108,0.000317031,0.002733156,0.005220194,80.9222,-0.1,3.200485698,-0.001843217,-0.001670285,0.001635132,-0.002567674,0.002271974,-0.303333333,0.013289933,0.001824335,0.463333333,-2.933333333,53.1,55.1,66.6,0.027704086,0.008031349,46.66666667,0.012553479,0.01660647,0.005863584,0.000185253,52.3,0.002120963,0.003613646,55.96666667,-0.000859191,0.004455687,-0.010821714,-4.333333333
8\1\2000,-0.000498156,0.000559878,0.246666667,-0.022769833,0.00541919,0.005433171,-0.002084563,0.004167229,-0.000332319,79.858,0.066666667,3.177151572,0.000187781,-9.24E-05,0.001602064,-0.000431847,0.000455098,-0.283333333,0.00812764,0.001495359,-0.123333333,0.866666667,50.7,52.33333333,59.96666667,-0.011308846,-0.00084435,47.16666667,0.010999417,0.014310783,-0.002261234,-8.55E-05,50.3,0.005472867,-0.003458866,51.63333333,0.000212792,0.002269244,0.006326582,-5.333333333
11\1\2000,0.002252307,-0.000865691,-0.046666667,0.007876783,0.004003907,-0.000392425,0.001476867,0.003643294,-0.00127376,78.40283333,-0.1,3.188647296,0.002047797,-6.96E-05,0.002764585,-0.000492665,-0.04519869,-0.326666667,0.013926411,0.00122945,-0.45,-6.3,47.03333333,51.4,58.53333333,-0.00248542,0.004601538,43.03333333,-0.00300734,-0.001754248,0.00140058,-0.001767031,46.53333333,-0.002735943,-0.006326774,47.43333333,0.000267476,0.002782359,0.000789256,-2.333333333
2\1\2001,-0.000535,0.001049452,-0.88,-0.000194887,-0.002947928,-0.003075564,0.005038322,0.001784625,-0.006419925,76.26803333,0.333333333,3.205475037,-0.000574855,0.001564523,-0.000867234,0.007135989,-0.037488271,-0.516666667,-0.003138836,0.000223163,0.233333333,-13.96666667,42.5,49.23333333,56.7,-0.015917696,-0.000510939,43.23333333,-0.005925982,-0.004078153,0.005634514,-0.000741077,39.93333333,-0.002254662,0.00025724,40.13333333,0.000264503,0.001669466,0.007043755,-5
5\1\2001,0.001331961,-0.001100138,-1.266666667,0.005439764,0.009334875,0.013195637,-0.000539873,0.001087715,-0.005907748,74.51576667,0.166666667,3.212187604,-0.003401434,-0.000754434,0.000747734,0.002724486,-0.018436542,0.22,0.015836768,-0.00198915,1.61,1.133333333,42.4,46.56666667,45.3,-0.008636272,0.005602168,39.26666667,-0.014718319,-0.014636069,0.008208017,-0.004603566,46.06666667,-0.001552627,-0.007867246,43.83333333,0.000715129,0.000565047,-0.000319837,-11
8\1\2001,-0.001530597,-0.001810286,-0.83,0.004592234,0.061749197,0.071088571,-0.001069418,0.001908635,-0.006398196,72.79223333,0.433333333,3.204029495,-0.005423208,-0.002130705,0.003513546,0.01006015,-0.03447339,-0.29,-0.004177897,-0.00225496,1.81,-2.466666667,45.33333333,47,37.16666667,-0.012050638,0.001897569,37.86666667,-0.021811685,-0.011804051,-0.001693224,-0.005139985,51.6,-0.001125847,-0.003845744,50.2,-0.000247529,0.00020529,0.003289449,-6.666666667
11\1\2001,0.001711325,-0.001550278,-1.363333333,-0.042589829,-0.083058386,-0.104982315,-0.000118961,0.007305742,-0.005533219,71.53066667,0.666666667,3.195899652,-0.002748142,3.37E-06,0.003201743,-0.013523054,-0.006234482,-0.21,0.002798754,-0.003545828,2.863333333,-4.233333333,43.4,49.3,32.83333333,-0.027935345,0.006555431,38.26666667,-0.012385932,-0.0037834,0.008854828,-0.005064351,46.46666667,0.007460565,-0.003135324,45.96666667,-0.000174498,0.004585084,0.034476714,-8.333333333
2\1\2002,0.002937026,0.00171038,-0.4,0.004794339,0.008638229,0.019662256,-0.001825713,0.001523827,0.002663225,71.8302,0.2,3.236285277,0.005797831,0.000379974,0.003320236,0.003427643,0.005470768,0.306666667,0.011624993,-0.002123428,3.353333333,12.26666667,50.2,51.5,45.76666667,0.013828185,0.00624941,40.1,0.005477648,0.012026618,0.004603524,-0.003783168,59.9,-0.005877672,0.00025224,55.83333333,6.67E-05,0.000798915,-0.004690785,0
5\1\2002,0.002356654,0.002016896,0.016666667,0.007966779,-0.00946616,-0.00842946,-0.00446595,0.002536154,0.006189053,72.63643333,0.133333333,3.228143608,0.002510879,0.002001879,-0.000405696,-0.007585157,-0.032041233,0.023333333,-0.016980076,-0.000965857,3.383333333,-0.5,53.03333333,53.76666667,62.93333333,0.002048448,0.001679608,43.33333333,0.010897299,0.012797476,0.005059783,0.000799593,60.96666667,-0.00142929,0.002227639,59.86666667,-0.000989795,0.002400563,0.003864829,0
8\1\2002,0.002551017,-0.001068192,-0.01,0.024034516,0.014507324,0.015453938,0.004803859,0.002426935,0.002304097,73.13836667,-0.1,3.22976714,-0.0008383,-0.001089951,0.001635178,0.002443409,-0.077881777,-0.84,-0.019617493,-0.0006229,2.616666667,-9.4,50.33333333,55.03333333,64.1,0.006097597,0.005313415,43.96666667,0.003085173,0.005986202,0.002445784,-0.001316,51.8,-0.002212609,0.00067978,55,-0.000311928,0.00197366,0.011857709,-3.333333333
11\1\2002,0.000219652,0.000226881,-0.296666667,0.008853156,0.011553115,0.008985965,0.000788987,0.001521748,-0.000383216,73.00583333,0.133333333,3.237962416,0.002697878,-0.000129148,0.00217807,0.004910475,-0.000595337,-0.253333333,-0.000617232,8.39E-05,2.673333333,-3.033333333,49.7,52.8,56.96666667,-0.001090499,-0.000306255,43.43333333,-0.003431407,0.009403678,0.00507668,0.000542585,53.56666667,-0.001983467,0.001895476,52.63333333,-0.000118012,0.001739926,-0.00577246,-3
2\1\2003,0.001298744,0.001883904,-0.193333333,0.01605521,0.009895596,0.009334316,-0.002477105,0.002225826,0.003141355,73.5019,0,3.239549721,0.004977848,0.001500038,-4.86E-05,0.001902764,-0.014062274,-0.086666667,-0.021103121,-0.000953197,2.763333333,-6.7,48.8,52.73333333,64.33333333,-0.001430923,0.003747183,43.16666667,-0.005966571,-0.005619435,-0.001505245,-0.002505285,52.43333333,0.002611731,-0.003429571,51.56666667,-0.000278123,0.001168549,0.000451817,0.666666667
5\1\2003,0.003701962,-0.005154877,-0.003333333,0.000173168,-0.014721306,-0.012579106,0.002124491,0.003873002,-0.003294996,73.19336667,0.266666667,3.243947047,-0.009318181,-0.002555277,0.001956317,0.002308161,0.035751027,-0.3,-0.019602052,-0.000869699,2.58,14.93333333,48.03333333,50.1,57.16666667,0.003484737,0.00712381,43.6,-0.001854682,0.004403076,0.006472314,-0.001261855,51.4,0.000672129,0.002537489,51.83333333,-0.00103792,0.005361448,0.01684462,-3.333333333
8\1\2003,0.0078398,0.003941258,-0.23,0.005612144,0.02918629,0.029811776,0.000293486,0.006161673,0.002734635,73.67226667,0,3.276385202,0.004765115,0.001807817,-3.75E-05,-0.001374424,0.02846852,0.613333333,-0.000347208,0.000212576,3.303333333,-3.366666667,52.2,52.63333333,54,0.017660207,0.009291405,44.26666667,0.011679685,0.003996962,0.001592379,0.000655869,59.56666667,-0.001381,4.59E-05,57.83333333,0.000778902,0.006437307,0.016780364,0.333333333
11\1\2003,0.002840179,-0.001584936,-0.02,0.03765533,-0.042005379,-0.044578253,-0.00953942,0.00244119,0.004395906,74.58063333,-0.3,3.308706665,0.00026788,-0.000933487,0.000285158,-0.006701536,0.02282012,0.053333333,-0.025724462,0.001317252,3.37,4.633333333,57.9,56.76666667,62.83333333,0.009641435,-0.001084805,47.06666667,0.020496828,0.01758458,0.000795954,0.002100396,68.26666667,0.000836086,-0.004624739,66.46666667,0.000457864,0.002643256,0.000728101,0
2\1\2004,0.003169617,0.002014492,0.006666667,0.025299904,0.018840412,0.020097058,0.003992178,0.004720232,0.002999183,75.11773333,-0.133333333,3.282924073,-0.000631461,0.002147353,-0.000767874,0.003554441,0.030142725,-0.266666667,-0.013318943,0.001467354,3.103333333,5.5,60.43333333,63.7,81,0.002264373,0.00248505,48.3,0.010346352,0.012608311,0.001669101,0.001907461,67.23333333,-3.34E-05,0.010509705,67.23333333,-0.000790716,0.003441052,0.006087322,1.666666667
5\1\2004,0.003716329,-0.000261324,0.006666667,0.002469691,0.009911282,0.010545825,0.005757529,0.002627163,0.001909011,75.7302,-0.1,3.287204351,0.002622861,0.000349474,-0.001890132,-0.000844146,-0.001647627,0.58,0.013653853,0.00267052,3.523333333,-6.666666667,60.83333333,67.36666667,85,0.020385896,0.004095095,48.43333333,0.006885065,0.015392686,0.001446028,0.000294721,64.16666667,-0.000627908,-0.003979334,65.2,0.001438213,0.003963289,0.002076793,-0.666666667
8\1\2004,0.003839807,-0.000637531,0.423333333,-0.011538943,-0.016028599,-0.015145628,-0.004661412,0.003739515,0.002008314,76.42026667,-0.166666667,3.296006669,-0.004445813,-0.001999532,0.000927188,-7.49E-05,-0.010132798,-0.296666667,-0.007207042,0.001287674,2.816666667,3.333333333,58.6,62.36666667,78.16666667,0.008334355,0.001876344,51.5,0.003342943,0.005125577,0.001688038,0.002417361,60.86666667,-0.001986854,0.012211229,60.96666667,-0.00080821,0.004248249,0.008106224,-1.333333333
11\1\2004,0.002733364,0.001877556,0.516666667,-0.001142336,0.003902258,0.00117439,0.001380449,0.004487334,0.005973664,77.33293333,0,3.29343622,0.00721756,0.001157303,-0.001076363,0.000962954,0.022688545,-0.13,-0.023767679,0.002074375,2.166666667,-2.5,56.56666667,57.1,74.83333333,0.006766097,0.001656743,50.6,0.010376087,0.014049389,-0.001974535,0.002820548,61.6,0.00395156,-0.001057032,58.16666667,-0.00035568,0.003807986,0.007316413,0
2\1\2005,0.003183014,-0.00230003,0.52,-0.005443397,0.002795436,0.003227038,-0.003103911,0.001878622,0.005973466,78.34136667,-0.166666667,3.316319878,-0.005260117,-0.000622912,-0.000550411,-0.006378899,0.01209948,0.123333333,-0.002976299,0.001598896,1.76,-2.333333333,55.43333333,53.96666667,69.16666667,0.009477938,0.002518635,51.66666667,0.008415494,0.003385549,-0.000228559,0.000938578,57.1,-0.002608755,0.00894189,58.23333333,0.000783504,0.0020652,0.000610919,3.666666667
5\1\2005,0.002797775,0.00036145,0.473333333,0.005485479,-0.019375727,-0.017336021,0.000191243,0.003868732,0.001833251,78.45936667,-0.133333333,3.312036237,-0.000404389,9.38E-05,0.000169602,-0.000793306,-0.001788431,-0.136666667,0.012101702,0.002580041,1.296666667,-5.2,52.03333333,51.86666667,59.83333333,-0.005698675,0.000106784,48.06666667,0.009198363,0.000668271,0.000998574,0.002401601,54.16666667,0.001030722,-0.000334298,55.46666667,-0.000690567,0.003978849,0.012359422,-2
8\1\2005,0.004101427,0.003608936,0.516666667,-0.01036329,0.009691671,0.010427997,0.002784879,0.003991436,-0.000755483,78.249,-0.166666667,3.322219295,0.004807485,0.002285067,-0.00219611,0.002884699,0.015433658,0.053333333,0.006620711,0.002533852,0.853333333,-3.866666667,54.03333333,53.56666667,63,0.00422436,0.004538225,47.56666667,0.000419264,0.000844531,0.003672589,0.000873013,58.5,-0.000615551,-0.003927532,57.76666667,-0.000286736,0.00418891,0.005725239,-1
11\1\2005,0.001417552,-0.001545501,0.52,0.006607614,-0.002243664,-0.005846284,9.59E-05,0.00148366,0.004283851,79.19113333,-0.033333333,3.315690517,3.95E-05,-0.001460455,-0.00135828,-0.001332577,-0.001933852,0.276666667,0.007851341,0.002043192,0.663333333,-4.233333333,56.2,57,73.66666667,0.01252242,-0.001346859,48.06666667,0.011192911,0.015481815,-0.001897861,0.003007372,60.13333333,-0.003620202,-0.001656482,61.06666667,0.001034598,0.00104,-0.01355165,0
2\1\2006,0.005107787,-0.002727381,0.476666667,0.014044261,-0.003401095,-0.002483274,0.000345064,0.004531307,0.003818272,79.5553,-0.2,3.326404141,-0.008052908,-0.001666063,-0.000257112,0.001332145,0.017539675,0.08,-0.004019611,0.002966566,0.176666667,5.466666667,54.9,54.03333333,64.66666667,0.006527405,0.002117818,48.5,0.016726338,0.010687569,0.004138468,0.004219426,59.63333333,0.000788519,0.00620558,58.8,0.000508629,0.005114442,0.018828597,0.333333333
5\1\2006,0.002871492,0.001576045,0.45,0.020244883,0.011265154,0.013140303,-0.002274816,0.002980187,0.002394268,79.4929,-0.066666667,3.268343914,0.002623032,0.001610681,-0.000657916,-0.002183984,-0.002442163,0.5,-0.014644454,0.001591959,0.366666667,-5.266666667,53.96666667,56.46666667,75,-0.000457189,0.002126625,48.86666667,0.005763451,0.000143497,0.001336555,0.000480644,55.56666667,-6.69E-05,0.003284179,56.3,0.001301874,0.001765881,0.001938974,-5
8\1\2006,0.000860019,0.000255506,0.34,0.014221977,-0.019333925,-0.018853682,0.000928245,0.002392793,0.002158031,79.50046667,-0.033333333,3.231044603,-0.00100202,-0.000163401,-3.69E-05,-0.004122233,0.000860246,-0.173333333,-0.002084489,0.001177167,-0.01,1.7,52.6,54.4,70.83333333,-0.00596409,-0.001771996,48.86666667,0.00372287,0.003333776,0.001843851,0.002077857,54.46666667,0.00086989,-0.003654747,54.83333333,-0.000234224,0.001080571,0.003697602,-3.333333333
11\1\2006,0.0016211,-0.005009741,0,0.014939239,0.013679362,0.010294362,0.002382916,0.003954117,-0.000694896,79.00353333,-0.2,3.195899652,-0.004144113,-0.003867423,0.005080164,0.0050616,0.033146137,-0.266666667,-1.79E-05,0.001585646,-0.273333333,10.16666667,51.06666667,52.3,49.33333333,-0.01760122,-0.000351433,48.9,0.015739727,0.002160066,0.00171163,0.002014697,52.1,-0.001072314,-0.00565253,52.26666667,-0.000376326,0.001625069,0.004485279,0.666666667
2\1\2007,5.63E-05,0.005254129,0.01,0.015727156,-0.004009786,-0.003153772,-0.000768765,0.004111295,0.001965663,78.9554,0.066666667,3.162365235,0.009341616,0.00414894,0.000257663,-0.000508203,0.011285872,0.05,0.001105893,0.001665385,-0.303333333,-0.466666667,50.8,52.06666667,59.16666667,-0.010907768,-0.000716526,44.4,0.000664123,0.008065722,0.000956779,-0.000262875,53.06666667,0.000936781,0.001303356,53.83333333,-0.000668186,0.002347255,0.00951572,-0.333333333
5\1\2007,0.005075335,0.000359027,-0.006666667,0.02983224,0.012858222,0.014047452,-0.000248864,0.002119322,0.002591793,79.13526667,0.033333333,3.164451998,0.002083489,0.00027031,0.001350852,0.001455962,0.025297717,0.166666667,-0.012322519,0.000802694,0.11,-6.533333333,52.73333333,50,70.66666667,0.006485703,0.005971023,45.63333333,0.009155022,-0.004054939,0.004193908,0.001000916,58,0.000719516,0.002442631,57.86666667,-0.000574288,0.002667134,0.005259161,-2.666666667
8\1\2007,0.005049714,-0.001944451,-0.176666667,0.010991525,-0.013901506,-0.005880268,-0.000432515,0.002169138,0.002299469,79.14036667,0.166666667,3.113163149,-0.006289114,-0.001214569,-0.000270444,-0.003980447,0.007652923,-0.116666667,-0.012399431,0.00011921,0.426666667,0.366666667,51,50.8,62.33333333,0.003746248,0.007686884,45,0.022507686,0.003226238,0.004083659,-0.001623214,55.06666667,0.001513372,0.009850628,54.23333333,-9.99E-05,0.002051459,0.002485868,-3.333333333
11\1\2007,-0.00018707,0.00356011,-0.576666667,0.001920224,-0.047775726,-0.007213568,0.000285918,0.001031143,0.000916441,78.70713333,0.1,3.061201079,0.007930851,0.001911357,-0.002116071,0.002588219,0.009965765,-0.47,-0.021215701,0.001087688,0.87,-9.133333333,49.9,51.96666667,66.16666667,-0.013788549,-0.001180478,46.53333333,0.004657306,-0.002531484,0.000874044,-0.000227806,51.2,-0.002597019,0.004995665,50.5,0.000263855,-0.000152706,0.000407935,-2.333333333
